iter,Gaussian,t(nu=4)
0,0.012293,0.011477
1,0.012267,0.011458
2,0.012217,0.011423
3,0.012142,0.011369
4,0.012045,0.011300
5,0.011926,0.011215
6,0.011786,0.011115
7,0.011626,0.011000
8,0.011449,0.010873
9,0.011254,0.010733
10,0.011044,0.010583
11,0.010820,0.010421
12,0.010584,0.010251
13,0.010336,0.010072
14,0.010080,0.009886
15,0.009815,0.009694
16,0.009543,0.009496
17,0.009267,0.009294
18,0.008986,0.009088
19,0.008704,0.008880
20,0.008420,0.008670
21,0.008136,0.008460
22,0.007854,0.008249
23,0.007575,0.008040
24,0.007299,0.007831
25,0.007027,0.007625
26,0.006761,0.007422
27,0.006502,0.007222
28,0.006250,0.007026
29,0.006005,0.006834
30,0.005769,0.006647
31,0.005542,0.006465
32,0.005325,0.006288
33,0.005117,0.006117
34,0.004920,0.005953
35,0.004733,0.005794
36,0.004556,0.005641
37,0.004390,0.005495
38,0.004235,0.005356
39,0.004090,0.005223
40,0.003956,0.005096
41,0.003832,0.004976
42,0.003719,0.004862
43,0.003615,0.004754
44,0.003521,0.004652
45,0.003436,0.004556
46,0.003361,0.004466
47,0.003293,0.004382
48,0.003235,0.004303
49,0.003183,0.004229
50,0.003140,0.004160
51,0.003103,0.004096
52,0.003072,0.004036
53,0.003047,0.003981
54,0.003028,0.003929
55,0.003014,0.003881
56,0.003004,0.003837
57,0.002998,0.003796
58,0.002996,0.003758
59,0.002997,0.003722
60,0.003001,0.003690
61,0.003007,0.003659
62,0.003015,0.003631
63,0.003024,0.003605
64,0.003035,0.003580
65,0.003046,0.003557
66,0.003058,0.003535
67,0.003070,0.003515
68,0.003083,0.003495
69,0.003094,0.003477
70,0.003106,0.003459
71,0.003117,0.003443
72,0.003127,0.003426
73,0.003136,0.003410
74,0.003143,0.003395
75,0.003150,0.003380
76,0.003155,0.003365
77,0.003159,0.003350
78,0.003162,0.003336
79,0.003163,0.003321
80,0.003163,0.003307
81,0.003161,0.003293
82,0.003158,0.003278
83,0.003153,0.003264
84,0.003147,0.003250
85,0.003140,0.003235
86,0.003131,0.003221
87,0.003122,0.003206
88,0.003111,0.003192
89,0.003099,0.003177
90,0.003086,0.003163
91,0.003073,0.003148
92,0.003058,0.003134
93,0.003043,0.003119
94,0.003028,0.003105
95,0.003012,0.003090
96,0.002995,0.003076
97,0.002979,0.003062
98,0.002962,0.003048
99,0.002945,0.003034
100,0.002928,0.003020
101,0.002911,0.003006
102,0.002894,0.002993
103,0.002877,0.002979
104,0.002860,0.002966
105,0.002844,0.002953
106,0.002828,0.002941
107,0.002813,0.002928
108,0.002798,0.002916
109,0.002783,0.002904
110,0.002769,0.002893
111,0.002755,0.002882
112,0.002742,0.002870
113,0.002729,0.002860
114,0.002717,0.002849
115,0.002706,0.002839
116,0.002695,0.002829
117,0.002684,0.002819
118,0.002674,0.002810
119,0.002665,0.002801
120,0.002656,0.002792
121,0.002648,0.002784
122,0.002640,0.002776
123,0.002632,0.002768
124,0.002625,0.002760
125,0.002619,0.002753
126,0.002613,0.002745
127,0.002607,0.002738
128,0.002601,0.002732
129,0.002596,0.002725
130,0.002591,0.002719
131,0.002586,0.002713
132,0.002581,0.002707
133,0.002577,0.002701
134,0.002573,0.002696
135,0.002569,0.002690
136,0.002565,0.002685
137,0.002561,0.002680
138,0.002557,0.002675
139,0.002553,0.002670
140,0.002550,0.002665
141,0.002546,0.002661
142,0.002542,0.002656
143,0.002538,0.002652
144,0.002535,0.002647
145,0.002531,0.002643
146,0.002527,0.002639
147,0.002523,0.002635
148,0.002519,0.002631
149,0.002515,0.002626
150,0.002511,0.002622
151,0.002507,0.002618
152,0.002503,0.002614
153,0.002499,0.002610
154,0.002495,0.002606
155,0.002490,0.002602
156,0.002486,0.002598
157,0.002482,0.002594
158,0.002477,0.002591
159,0.002473,0.002587
160,0.002469,0.002583
161,0.002464,0.002579
162,0.002460,0.002575
163,0.002455,0.002571
164,0.002451,0.002567
165,0.002447,0.002563
166,0.002442,0.002559
167,0.002438,0.002555
168,0.002434,0.002551
169,0.002430,0.002547
170,0.002426,0.002543
171,0.002422,0.002539
172,0.002418,0.002535
173,0.002414,0.002531
174,0.002410,0.002527
175,0.002407,0.002522
176,0.002403,0.002518
177,0.002400,0.002514
178,0.002396,0.002511
179,0.002393,0.002507
180,0.002390,0.002503
181,0.002387,0.002499
182,0.002384,0.002495
183,0.002382,0.002491
184,0.002379,0.002487
185,0.002377,0.002483
186,0.002374,0.002480
187,0.002372,0.002476
188,0.002370,0.002472
189,0.002368,0.002469
190,0.002366,0.002465
191,0.002364,0.002462
192,0.002363,0.002458
193,0.002361,0.002455
194,0.002360,0.002451
195,0.002358,0.002448
196,0.002357,0.002445
197,0.002356,0.002442
198,0.002355,0.002438
199,0.002354,0.002435
200,0.002353,0.002432
201,0.002352,0.002429
202,0.002351,0.002427
203,0.002350,0.002424
204,0.002349,0.002421
205,0.002349,0.002418
206,0.002348,0.002416
207,0.002348,0.002413
208,0.002347,0.002411
209,0.002346,0.002408
210,0.002346,0.002406
211,0.002345,0.002404
212,0.002345,0.002401
213,0.002344,0.002399
214,0.002344,0.002397
215,0.002344,0.002395
216,0.002343,0.002393
217,0.002343,0.002391
218,0.002342,0.002389
219,0.002342,0.002388
220,0.002341,0.002386
221,0.002341,0.002384
222,0.002341,0.002382
223,0.002340,0.002381
224,0.002340,0.002379
225,0.002339,0.002378
226,0.002339,0.002376
227,0.002339,0.002375
228,0.002338,0.002374
229,0.002338,0.002372
230,0.002337,0.002371
231,0.002337,0.002370
232,0.002336,0.002369
233,0.002336,0.002367
234,0.002335,0.002366
235,0.002335,0.002365
236,0.002335,0.002364
237,0.002334,0.002363
238,0.002334,0.002362
239,0.002333,0.002361
240,0.002333,0.002360
241,0.002332,0.002359
242,0.002332,0.002359
243,0.002331,0.002358
244,0.002331,0.002357
245,0.002331,0.002356
246,0.002330,0.002355
247,0.002330,0.002355
248,0.002329,0.002354
249,0.002329,0.002353
250,0.002329,0.002353
251,0.002328,0.002352
252,0.002328,0.002351
253,0.002328,0.002351
254,0.002327,0.002350
255,0.002327,0.002350
256,0.002327,0.002349
257,0.002327,0.002349
258,0.002326,0.002348
259,0.002326,0.002347
260,0.002326,0.002347
261,0.002326,0.002347
262,0.002326,0.002346
263,0.002326,0.002346
264,0.002325,0.002345
265,0.002325,0.002345
266,0.002325,0.002344
267,0.002325,0.002344
268,0.002325,0.002343
269,0.002325,0.002343
270,0.002325,0.002343
271,0.002325,0.002342
272,0.002325,0.002342
273,0.002325,0.002342
274,0.002325,0.002341
275,0.002325,0.002341
276,0.002325,0.002340
277,0.002325,0.002340
278,0.002325,0.002340
279,0.002325,0.002339
280,0.002325,0.002339
281,0.002325,0.002339
282,0.002325,0.002339
283,0.002326,0.002338
284,0.002326,0.002338
285,0.002326,0.002338
286,0.002326,0.002337
287,0.002326,0.002337
288,0.002326,0.002337
289,0.002326,0.002336
290,0.002326,0.002336
291,0.002327,0.002336
292,0.002327,0.002336
293,0.002327,0.002335
294,0.002327,0.002335
295,0.002327,0.002335
296,0.002327,0.002335
297,0.002327,0.002334
298,0.002328,0.002334
299,0.002328,0.002334
300,0.002328,0.002334
301,0.002328,0.002333
302,0.002328,0.002333
303,0.002328,0.002333
304,0.002329,0.002333
305,0.002329,0.002332
306,0.002329,0.002332
307,0.002329,0.002332
308,0.002329,0.002332
309,0.002329,0.002332
310,0.002330,0.002331
311,0.002330,0.002331
312,0.002330,0.002331
313,0.002330,0.002331
314,0.002330,0.002331
315,0.002331,0.002330
316,0.002331,0.002330
317,0.002331,0.002330
318,0.002331,0.002330
319,0.002331,0.002330
320,0.002331,0.002330
321,0.002332,0.002329
322,0.002332,0.002329
323,0.002332,0.002329
324,0.002332,0.002329
325,0.002332,0.002329
326,0.002333,0.002329
327,0.002333,0.002329
328,0.002333,0.002328
329,0.002333,0.002328
330,0.002333,0.002328
331,0.002333,0.002328
332,0.002334,0.002328
333,0.002334,0.002328
334,0.002334,0.002328
335,0.002334,0.002327
336,0.002334,0.002327
337,0.002335,0.002327
338,0.002335,0.002327
339,0.002335,0.002327
340,0.002335,0.002327
341,0.002335,0.002327
342,0.002336,0.002327
343,0.002336,0.002327
344,0.002336,0.002327
345,0.002336,0.002326
346,0.002337,0.002326
347,0.002337,0.002326
348,0.002337,0.002326
349,0.002337,0.002326
350,0.002337,0.002326
351,0.002338,0.002326
352,0.002338,0.002326
353,0.002338,0.002326
354,0.002338,0.002326
355,0.002339,0.002326
356,0.002339,0.002326
357,0.002339,0.002326
358,0.002339,0.002326
359,0.002340,0.002326
360,0.002340,0.002325
361,0.002340,0.002325
362,0.002340,0.002325
363,0.002341,0.002325
364,0.002341,0.002325
365,0.002341,0.002325
366,0.002341,0.002325
367,0.002342,0.002325
368,0.002342,0.002325
369,0.002342,0.002325
370,0.002342,0.002325
371,0.002343,0.002325
372,0.002343,0.002325
373,0.002343,0.002325
374,0.002343,0.002325
375,0.002344,0.002325
376,0.002344,0.002325
377,0.002344,0.002325
378,0.002345,0.002325
379,0.002345,0.002325
380,0.002345,0.002325
381,0.002345,0.002325
382,0.002346,0.002325
383,0.002346,0.002325
384,0.002346,0.002325
385,0.002347,0.002325
386,0.002347,0.002326
387,0.002347,0.002326
388,0.002348,0.002326
389,0.002348,0.002326
390,0.002348,0.002326
391,0.002348,0.002326
392,0.002349,0.002326
393,0.002349,0.002326
394,0.002349,0.002326
395,0.002350,0.002326
396,0.002350,0.002326
397,0.002350,0.002326
398,0.002351,0.002326
399,0.002351,0.002327
400,0.002351,0.002327
401,0.002352,0.002327
402,0.002352,0.002327
403,0.002352,0.002327
404,0.002353,0.002327
405,0.002353,0.002327
406,0.002353,0.002327
407,0.002354,0.002328
408,0.002354,0.002328
409,0.002354,0.002328
410,0.002355,0.002328
411,0.002355,0.002328
412,0.002355,0.002328
413,0.002356,0.002328
414,0.002356,0.002328
415,0.002357,0.002329
416,0.002357,0.002329
417,0.002357,0.002329
418,0.002358,0.002329
419,0.002358,0.002329
420,0.002358,0.002329
421,0.002359,0.002330
422,0.002359,0.002330
423,0.002359,0.002330
424,0.002360,0.002330
425,0.002360,0.002330
426,0.002361,0.002330
427,0.002361,0.002331
428,0.002361,0.002331
429,0.002362,0.002331
430,0.002362,0.002331
431,0.002362,0.002331
432,0.002363,0.002331
433,0.002363,0.002332
434,0.002363,0.002332
435,0.002364,0.002332
436,0.002364,0.002332
437,0.002365,0.002332
438,0.002365,0.002332
439,0.002365,0.002333
440,0.002366,0.002333
441,0.002366,0.002333
442,0.002367,0.002333
443,0.002367,0.002333
444,0.002367,0.002334
445,0.002368,0.002334
446,0.002368,0.002334
447,0.002368,0.002334
448,0.002369,0.002334
449,0.002369,0.002334
450,0.002370,0.002335
451,0.002370,0.002335
452,0.002370,0.002335
453,0.002371,0.002335
454,0.002371,0.002335
455,0.002371,0.002336
456,0.002372,0.002336
457,0.002372,0.002336
458,0.002373,0.002336
459,0.002373,0.002336
460,0.002373,0.002336
461,0.002374,0.002337
462,0.002374,0.002337
463,0.002374,0.002337
464,0.002375,0.002337
465,0.002375,0.002337
466,0.002376,0.002337
467,0.002376,0.002338
468,0.002376,0.002338
469,0.002377,0.002338
470,0.002377,0.002338
471,0.002378,0.002338
472,0.002378,0.002339
473,0.002378,0.002339
474,0.002379,0.002339
475,0.002379,0.002339
476,0.002379,0.002339
477,0.002380,0.002339
478,0.002380,0.002340
479,0.002381,0.002340
480,0.002381,0.002340
481,0.002381,0.002340
482,0.002382,0.002340
483,0.002382,0.002340
484,0.002382,0.002341
485,0.002383,0.002341
486,0.002383,0.002341
487,0.002384,0.002341
488,0.002384,0.002341
489,0.002384,0.002341
490,0.002385,0.002342
491,0.002385,0.002342
492,0.002385,0.002342
493,0.002386,0.002342
494,0.002386,0.002342
495,0.002387,0.002342
496,0.002387,0.002343
497,0.002387,0.002343
498,0.002388,0.002343
499,0.002388,0.002343
500,0.002388,0.002343
501,0.002389,0.002343
502,0.002389,0.002344
503,0.002390,0.002344
504,0.002390,0.002344
505,0.002390,0.002344
506,0.002391,0.002344
507,0.002391,0.002344
508,0.002391,0.002345
509,0.002392,0.002345
510,0.002392,0.002345
511,0.002393,0.002345
512,0.002393,0.002345
513,0.002393,0.002345
514,0.002394,0.002346
515,0.002394,0.002346
516,0.002395,0.002346
517,0.002395,0.002346
518,0.002395,0.002346
519,0.002396,0.002346
520,0.002396,0.002347
521,0.002396,0.002347
522,0.002397,0.002347
523,0.002397,0.002347
524,0.002398,0.002347
525,0.002398,0.002347
526,0.002398,0.002348
527,0.002399,0.002348
528,0.002399,0.002348
529,0.002400,0.002348
530,0.002400,0.002348
531,0.002400,0.002348
532,0.002401,0.002349
533,0.002401,0.002349
534,0.002401,0.002349
535,0.002402,0.002349
536,0.002402,0.002349
537,0.002403,0.002350
538,0.002403,0.002350
539,0.002403,0.002350
540,0.002404,0.002350
541,0.002404,0.002350
542,0.002405,0.002350
543,0.002405,0.002351
544,0.002405,0.002351
545,0.002406,0.002351
546,0.002406,0.002351
547,0.002407,0.002351
548,0.002407,0.002351
549,0.002407,0.002352
550,0.002408,0.002352
551,0.002408,0.002352
552,0.002409,0.002352
553,0.002409,0.002352
554,0.002409,0.002353
555,0.002410,0.002353
556,0.002410,0.002353
557,0.002410,0.002353
558,0.002411,0.002353
559,0.002411,0.002354
560,0.002412,0.002354
561,0.002412,0.002354
562,0.002412,0.002354
563,0.002413,0.002354
564,0.002413,0.002354
565,0.002414,0.002355
566,0.002414,0.002355
567,0.002414,0.002355
568,0.002415,0.002355
569,0.002415,0.002355
570,0.002416,0.002356
571,0.002416,0.002356
572,0.002416,0.002356
573,0.002417,0.002356
574,0.002417,0.002356
575,0.002418,0.002357
576,0.002418,0.002357
577,0.002418,0.002357
578,0.002419,0.002357
579,0.002419,0.002357
580,0.002420,0.002357
581,0.002420,0.002358
582,0.002420,0.002358
583,0.002421,0.002358
584,0.002421,0.002358
585,0.002422,0.002358
586,0.002422,0.002359
587,0.002422,0.002359
588,0.002423,0.002359
589,0.002423,0.002359
590,0.002424,0.002359
591,0.002424,0.002360
592,0.002424,0.002360
593,0.002425,0.002360
594,0.002425,0.002360
595,0.002426,0.002360
596,0.002426,0.002361
597,0.002426,0.002361
598,0.002427,0.002361
599,0.002427,0.002361
600,0.002428,0.002361
601,0.002428,0.002362
602,0.002428,0.002362
603,0.002429,0.002362
604,0.002429,0.002362
605,0.002430,0.002362
606,0.002430,0.002363
607,0.002430,0.002363
608,0.002431,0.002363
609,0.002431,0.002363
610,0.002432,0.002363
611,0.002432,0.002364
612,0.002432,0.002364
613,0.002433,0.002364
614,0.002433,0.002364
615,0.002434,0.002364
616,0.002434,0.002364
617,0.002434,0.002365
618,0.002435,0.002365
619,0.002435,0.002365
620,0.002436,0.002365
621,0.002436,0.002365
622,0.002436,0.002366
623,0.002437,0.002366
624,0.002437,0.002366
625,0.002438,0.002366
626,0.002438,0.002366
627,0.002438,0.002367
628,0.002439,0.002367
629,0.002439,0.002367
630,0.002440,0.002367
631,0.002440,0.002367
632,0.002440,0.002368
633,0.002441,0.002368
634,0.002441,0.002368
635,0.002442,0.002368
636,0.002442,0.002368
637,0.002442,0.002369
638,0.002443,0.002369
639,0.002443,0.002369
640,0.002444,0.002369
641,0.002444,0.002369
642,0.002444,0.002370
643,0.002445,0.002370
644,0.002445,0.002370
645,0.002446,0.002370
646,0.002446,0.002370
647,0.002446,0.002371
648,0.002447,0.002371
649,0.002447,0.002371
650,0.002448,0.002371
651,0.002448,0.002371
652,0.002449,0.002372
653,0.002449,0.002372
654,0.002449,0.002372
655,0.002450,0.002372
656,0.002450,0.002372
657,0.002451,0.002373
658,0.002451,0.002373
659,0.002451,0.002373
660,0.002452,0.002373
661,0.002452,0.002373
662,0.002453,0.002374
663,0.002453,0.002374
664,0.002453,0.002374
665,0.002454,0.002374
666,0.002454,0.002374
667,0.002455,0.002375
668,0.002455,0.002375
669,0.002455,0.002375
670,0.002456,0.002375
671,0.002456,0.002375
672,0.002457,0.002375
673,0.002457,0.002376
674,0.002457,0.002376
675,0.002458,0.002376
676,0.002458,0.002376
677,0.002459,0.002376
678,0.002459,0.002377
679,0.002459,0.002377
680,0.002460,0.002377
681,0.002460,0.002377
682,0.002461,0.002377
683,0.002461,0.002378
684,0.002461,0.002378
685,0.002462,0.002378
686,0.002462,0.002378
687,0.002463,0.002378
688,0.002463,0.002379
689,0.002463,0.002379
690,0.002464,0.002379
691,0.002464,0.002379
692,0.002465,0.002379
693,0.002465,0.002380
694,0.002466,0.002380
695,0.002466,0.002380
696,0.002466,0.002380
697,0.002467,0.002380
698,0.002467,0.002381
699,0.002468,0.002381
700,0.002468,0.002381
701,0.002468,0.002381
702,0.002469,0.002381
703,0.002469,0.002382
704,0.002470,0.002382
705,0.002470,0.002382
706,0.002470,0.002382
707,0.002471,0.002382
708,0.002471,0.002383
709,0.002472,0.002383
710,0.002472,0.002383
711,0.002472,0.002383
712,0.002473,0.002383
713,0.002473,0.002384
714,0.002474,0.002384
715,0.002474,0.002384
716,0.002474,0.002384
717,0.002475,0.002384
718,0.002475,0.002385
719,0.002476,0.002385
720,0.002476,0.002385
721,0.002477,0.002385
722,0.002477,0.002385
723,0.002477,0.002386
724,0.002478,0.002386
725,0.002478,0.002386
726,0.002479,0.002386
727,0.002479,0.002386
728,0.002479,0.002387
729,0.002480,0.002387
730,0.002480,0.002387
731,0.002481,0.002387
732,0.002481,0.002387
733,0.002481,0.002388
734,0.002482,0.002388
735,0.002482,0.002388
736,0.002483,0.002388
737,0.002483,0.002388
738,0.002484,0.002389
739,0.002484,0.002389
740,0.002484,0.002389
741,0.002485,0.002389
742,0.002485,0.002389
743,0.002486,0.002390
744,0.002486,0.002390
745,0.002486,0.002390
746,0.002487,0.002390
747,0.002487,0.002390
748,0.002488,0.002391
749,0.002488,0.002391
750,0.002488,0.002391
751,0.002489,0.002391
752,0.002489,0.002391
753,0.002490,0.002392
754,0.002490,0.002392
755,0.002490,0.002392
756,0.002491,0.002392
757,0.002491,0.002392
758,0.002492,0.002393
759,0.002492,0.002393
760,0.002493,0.002393
761,0.002493,0.002393
762,0.002493,0.002393
763,0.002494,0.002394
764,0.002494,0.002394
765,0.002495,0.002394
766,0.002495,0.002394
767,0.002495,0.002394
768,0.002496,0.002395
769,0.002496,0.002395
770,0.002497,0.002395
771,0.002497,0.002395
772,0.002497,0.002395
773,0.002498,0.002396
774,0.002498,0.002396
775,0.002499,0.002396
776,0.002499,0.002396
777,0.002499,0.002396
778,0.002500,0.002397
779,0.002500,0.002397
780,0.002501,0.002397
781,0.002501,0.002397
782,0.002501,0.002397
783,0.002502,0.002398
784,0.002502,0.002398
785,0.002503,0.002398
786,0.002503,0.002398
787,0.002504,0.002398
788,0.002504,0.002399
789,0.002504,0.002399
790,0.002505,0.002399
791,0.002505,0.002399
792,0.002506,0.002399
793,0.002506,0.002400
794,0.002506,0.002400
795,0.002507,0.002400
796,0.002507,0.002400
797,0.002508,0.002400
798,0.002508,0.002401
799,0.002508,0.002401
800,0.002509,0.002401
801,0.002509,0.002401
802,0.002510,0.002401
803,0.002510,0.002402
804,0.002510,0.002402
805,0.002511,0.002402
806,0.002511,0.002402
807,0.002512,0.002402
808,0.002512,0.002403
809,0.002512,0.002403
810,0.002513,0.002403
811,0.002513,0.002403
812,0.002514,0.002403
813,0.002514,0.002404
814,0.002515,0.002404
815,0.002515,0.002404
816,0.002515,0.002404
817,0.002516,0.002404
818,0.002516,0.002405
819,0.002517,0.002405
820,0.002517,0.002405
821,0.002517,0.002405
822,0.002518,0.002405
823,0.002518,0.002406
824,0.002519,0.002406
825,0.002519,0.002406
826,0.002519,0.002406
827,0.002520,0.002406
828,0.002520,0.002407
829,0.002521,0.002407
830,0.002521,0.002407
831,0.002521,0.002407
832,0.002522,0.002407
833,0.002522,0.002408
834,0.002523,0.002408
835,0.002523,0.002408
836,0.002523,0.002408
837,0.002524,0.002409
838,0.002524,0.002409
839,0.002525,0.002409
840,0.002525,0.002409
841,0.002525,0.002409
842,0.002526,0.002410
843,0.002526,0.002410
844,0.002527,0.002410
845,0.002527,0.002410
846,0.002528,0.002410
847,0.002528,0.002411
848,0.002528,0.002411
849,0.002529,0.002411
850,0.002529,0.002411
851,0.002530,0.002411
852,0.002530,0.002412
853,0.002530,0.002412
854,0.002531,0.002412
855,0.002531,0.002412
856,0.002532,0.002412
857,0.002532,0.002413
858,0.002532,0.002413
859,0.002533,0.002413
860,0.002533,0.002413
861,0.002534,0.002413
862,0.002534,0.002414
863,0.002534,0.002414
864,0.002535,0.002414
865,0.002535,0.002414
866,0.002536,0.002414
867,0.002536,0.002415
868,0.002536,0.002415
869,0.002537,0.002415
870,0.002537,0.002415
871,0.002538,0.002415
872,0.002538,0.002416
873,0.002538,0.002416
874,0.002539,0.002416
875,0.002539,0.002416
876,0.002540,0.002416
877,0.002540,0.002417
878,0.002540,0.002417
879,0.002541,0.002417
880,0.002541,0.002417
881,0.002542,0.002417
882,0.002542,0.002418
883,0.002542,0.002418
884,0.002543,0.002418
885,0.002543,0.002418
886,0.002544,0.002418
887,0.002544,0.002419
888,0.002545,0.002419
889,0.002545,0.002419
890,0.002545,0.002419
891,0.002546,0.002420
892,0.002546,0.002420
893,0.002547,0.002420
894,0.002547,0.002420
895,0.002547,0.002420
896,0.002548,0.002421
897,0.002548,0.002421
898,0.002549,0.002421
899,0.002549,0.002421
900,0.002549,0.002421
901,0.002550,0.002422
902,0.002550,0.002422
903,0.002551,0.002422
904,0.002551,0.002422
905,0.002551,0.002422
906,0.002552,0.002423
907,0.002552,0.002423
908,0.002553,0.002423
909,0.002553,0.002423
910,0.002553,0.002423
911,0.002554,0.002424
912,0.002554,0.002424
913,0.002555,0.002424
914,0.002555,0.002424
915,0.002555,0.002424
916,0.002556,0.002425
917,0.002556,0.002425
918,0.002557,0.002425
919,0.002557,0.002425
920,0.002557,0.002425
921,0.002558,0.002426
922,0.002558,0.002426
923,0.002559,0.002426
924,0.002559,0.002426
925,0.002559,0.002426
926,0.002560,0.002427
927,0.002560,0.002427
928,0.002561,0.002427
929,0.002561,0.002427
930,0.002561,0.002428
931,0.002562,0.002428
932,0.002562,0.002428
933,0.002563,0.002428
934,0.002563,0.002428
935,0.002563,0.002429
936,0.002564,0.002429
937,0.002564,0.002429
938,0.002565,0.002429
939,0.002565,0.002429
940,0.002565,0.002430
941,0.002566,0.002430
942,0.002566,0.002430
943,0.002567,0.002430
944,0.002567,0.002430
945,0.002567,0.002431
946,0.002568,0.002431
947,0.002568,0.002431
948,0.002569,0.002431
949,0.002569,0.002431
950,0.002569,0.002432
951,0.002570,0.002432
952,0.002570,0.002432
953,0.002571,0.002432
954,0.002571,0.002432
955,0.002571,0.002433
956,0.002572,0.002433
957,0.002572,0.002433
958,0.002573,0.002433
959,0.002573,0.002433
960,0.002573,0.002434
961,0.002574,0.002434
962,0.002574,0.002434
963,0.002575,0.002434
964,0.002575,0.002435
965,0.002575,0.002435
966,0.002576,0.002435
967,0.002576,0.002435
968,0.002577,0.002435
969,0.002577,0.002436
970,0.002577,0.002436
971,0.002578,0.002436
972,0.002578,0.002436
973,0.002579,0.002436
974,0.002579,0.002437
975,0.002579,0.002437
976,0.002580,0.002437
977,0.002580,0.002437
978,0.002581,0.002437
979,0.002581,0.002438
980,0.002581,0.002438
981,0.002582,0.002438
982,0.002582,0.002438
983,0.002583,0.002438
984,0.002583,0.002439
985,0.002583,0.002439
986,0.002584,0.002439
987,0.002584,0.002439
988,0.002585,0.002439
989,0.002585,0.002440
990,0.002585,0.002440
991,0.002586,0.002440
992,0.002586,0.002440
993,0.002587,0.002440
994,0.002587,0.002441
995,0.002587,0.002441
996,0.002588,0.002441
997,0.002588,0.002441
998,0.002589,0.002441
999,0.002589,0.002442
1000,0.002589,0.002442
1001,0.002590,0.002442
1002,0.002590,0.002442
1003,0.002591,0.002443
1004,0.002591,0.002443
1005,0.002591,0.002443
1006,0.002592,0.002443
1007,0.002592,0.002443
1008,0.002593,0.002444
1009,0.002593,0.002444
1010,0.002593,0.002444
1011,0.002594,0.002444
1012,0.002594,0.002444
1013,0.002595,0.002445
1014,0.002595,0.002445
1015,0.002595,0.002445
1016,0.002596,0.002445
1017,0.002596,0.002445
1018,0.002597,0.002446
1019,0.002597,0.002446
1020,0.002597,0.002446
1021,0.002598,0.002446
1022,0.002598,0.002446
1023,0.002599,0.002447
1024,0.002599,0.002447
1025,0.002599,0.002447
1026,0.002600,0.002447
1027,0.002600,0.002447
1028,0.002601,0.002448
1029,0.002601,0.002448
1030,0.002601,0.002448
1031,0.002602,0.002448
1032,0.002602,0.002448
1033,0.002602,0.002449
1034,0.002603,0.002449
1035,0.002603,0.002449
1036,0.002604,0.002449
1037,0.002604,0.002450
1038,0.002604,0.002450
1039,0.002605,0.002450
1040,0.002605,0.002450
1041,0.002606,0.002450
1042,0.002606,0.002451
1043,0.002606,0.002451
1044,0.002607,0.002451
1045,0.002607,0.002451
1046,0.002608,0.002451
1047,0.002608,0.002452
1048,0.002608,0.002452
1049,0.002609,0.002452
1050,0.002609,0.002452
1051,0.002610,0.002452
1052,0.002610,0.002453
1053,0.002610,0.002453
1054,0.002611,0.002453
1055,0.002611,0.002453
1056,0.002612,0.002453
1057,0.002612,0.002454
1058,0.002612,0.002454
1059,0.002613,0.002454
1060,0.002613,0.002454
1061,0.002614,0.002454
1062,0.002614,0.002455
1063,0.002614,0.002455
1064,0.002615,0.002455
1065,0.002615,0.002455
1066,0.002615,0.002455
1067,0.002616,0.002456
1068,0.002616,0.002456
1069,0.002617,0.002456
1070,0.002617,0.002456
1071,0.002617,0.002456
1072,0.002618,0.002457
1073,0.002618,0.002457
1074,0.002619,0.002457
1075,0.002619,0.002457
1076,0.002619,0.002458
1077,0.002620,0.002458
1078,0.002620,0.002458
1079,0.002621,0.002458
1080,0.002621,0.002458
1081,0.002621,0.002459
1082,0.002622,0.002459
1083,0.002622,0.002459
1084,0.002623,0.002459
1085,0.002623,0.002459
1086,0.002623,0.002460
1087,0.002624,0.002460
1088,0.002624,0.002460
1089,0.002624,0.002460
1090,0.002625,0.002460
1091,0.002625,0.002461
1092,0.002626,0.002461
1093,0.002626,0.002461
1094,0.002626,0.002461
1095,0.002627,0.002461
1096,0.002627,0.002462
1097,0.002628,0.002462
1098,0.002628,0.002462
1099,0.002628,0.002462
1100,0.002629,0.002462
1101,0.002629,0.002463
1102,0.002630,0.002463
1103,0.002630,0.002463
1104,0.002630,0.002463
1105,0.002631,0.002463
1106,0.002631,0.002464
1107,0.002632,0.002464
1108,0.002632,0.002464
1109,0.002632,0.002464
1110,0.002633,0.002464
1111,0.002633,0.002465
1112,0.002633,0.002465
1113,0.002634,0.002465
1114,0.002634,0.002465
1115,0.002635,0.002465
1116,0.002635,0.002466
1117,0.002635,0.002466
1118,0.002636,0.002466
1119,0.002636,0.002466
1120,0.002637,0.002467
1121,0.002637,0.002467
1122,0.002637,0.002467
1123,0.002638,0.002467
1124,0.002638,0.002467
1125,0.002638,0.002468
1126,0.002639,0.002468
1127,0.002639,0.002468
1128,0.002640,0.002468
1129,0.002640,0.002468
1130,0.002640,0.002469
1131,0.002641,0.002469
1132,0.002641,0.002469
1133,0.002642,0.002469
1134,0.002642,0.002469
1135,0.002642,0.002470
1136,0.002643,0.002470
1137,0.002643,0.002470
1138,0.002644,0.002470
1139,0.002644,0.002470
1140,0.002644,0.002471
1141,0.002645,0.002471
1142,0.002645,0.002471
1143,0.002645,0.002471
1144,0.002646,0.002471
1145,0.002646,0.002472
1146,0.002647,0.002472
1147,0.002647,0.002472
1148,0.002647,0.002472
1149,0.002648,0.002472
1150,0.002648,0.002473
1151,0.002649,0.002473
1152,0.002649,0.002473
1153,0.002649,0.002473
1154,0.002650,0.002473
1155,0.002650,0.002474
1156,0.002650,0.002474
1157,0.002651,0.002474
1158,0.002651,0.002474
1159,0.002652,0.002474
1160,0.002652,0.002475
1161,0.002652,0.002475
1162,0.002653,0.002475
1163,0.002653,0.002475
1164,0.002654,0.002475
1165,0.002654,0.002476
1166,0.002654,0.002476
1167,0.002655,0.002476
1168,0.002655,0.002476
1169,0.002655,0.002476
1170,0.002656,0.002477
1171,0.002656,0.002477
1172,0.002657,0.002477
1173,0.002657,0.002477
1174,0.002657,0.002478
1175,0.002658,0.002478
1176,0.002658,0.002478
1177,0.002659,0.002478
1178,0.002659,0.002478
1179,0.002659,0.002479
1180,0.002660,0.002479
1181,0.002660,0.002479
1182,0.002660,0.002479
1183,0.002661,0.002479
1184,0.002661,0.002480
1185,0.002662,0.002480
1186,0.002662,0.002480
1187,0.002662,0.002480
1188,0.002663,0.002480
1189,0.002663,0.002481
1190,0.002664,0.002481
1191,0.002664,0.002481
1192,0.002664,0.002481
1193,0.002665,0.002481
1194,0.002665,0.002482
1195,0.002665,0.002482
1196,0.002666,0.002482
1197,0.002666,0.002482
1198,0.002667,0.002482
1199,0.002667,0.002483
1200,0.002667,0.002483
1201,0.002668,0.002483
1202,0.002668,0.002483
1203,0.002668,0.002483
1204,0.002669,0.002484
1205,0.002669,0.002484
1206,0.002670,0.002484
1207,0.002670,0.002484
1208,0.002670,0.002484
1209,0.002671,0.002485
1210,0.002671,0.002485
1211,0.002672,0.002485
1212,0.002672,0.002485
1213,0.002672,0.002485
1214,0.002673,0.002486
1215,0.002673,0.002486
1216,0.002673,0.002486
1217,0.002674,0.002486
1218,0.002674,0.002486
1219,0.002675,0.002487
1220,0.002675,0.002487
1221,0.002675,0.002487
1222,0.002676,0.002487
1223,0.002676,0.002487
1224,0.002676,0.002488
1225,0.002677,0.002488
1226,0.002677,0.002488
1227,0.002678,0.002488
1228,0.002678,0.002488
1229,0.002678,0.002489
1230,0.002679,0.002489
1231,0.002679,0.002489
1232,0.002679,0.002489
1233,0.002680,0.002489
1234,0.002680,0.002490
1235,0.002681,0.002490
1236,0.002681,0.002490
1237,0.002681,0.002490
1238,0.002682,0.002490
1239,0.002682,0.002491
1240,0.002683,0.002491
1241,0.002683,0.002491
1242,0.002683,0.002491
1243,0.002684,0.002491
1244,0.002684,0.002492
1245,0.002684,0.002492
1246,0.002685,0.002492
1247,0.002685,0.002492
1248,0.002686,0.002492
1249,0.002686,0.002493
1250,0.002686,0.002493
1251,0.002687,0.002493
1252,0.002687,0.002493
1253,0.002687,0.002493
1254,0.002688,0.002494
1255,0.002688,0.002494
1256,0.002689,0.002494
1257,0.002689,0.002494
1258,0.002689,0.002494
1259,0.002690,0.002495
1260,0.002690,0.002495
1261,0.002690,0.002495
1262,0.002691,0.002495
1263,0.002691,0.002495
1264,0.002692,0.002496
1265,0.002692,0.002496
1266,0.002692,0.002496
1267,0.002693,0.002496
1268,0.002693,0.002496
1269,0.002693,0.002497
1270,0.002694,0.002497
1271,0.002694,0.002497
1272,0.002695,0.002497
1273,0.002695,0.002497
1274,0.002695,0.002498
1275,0.002696,0.002498
1276,0.002696,0.002498
1277,0.002696,0.002498
1278,0.002697,0.002498
1279,0.002697,0.002499
1280,0.002698,0.002499
1281,0.002698,0.002499
1282,0.002698,0.002499
1283,0.002699,0.002499
1284,0.002699,0.002500
1285,0.002699,0.002500
1286,0.002700,0.002500
1287,0.002700,0.002500
1288,0.002701,0.002500
1289,0.002701,0.002501
1290,0.002701,0.002501
1291,0.002702,0.002501
1292,0.002702,0.002501
1293,0.002702,0.002501
1294,0.002703,0.002502
1295,0.002703,0.002502
1296,0.002704,0.002502
1297,0.002704,0.002502
1298,0.002704,0.002502
1299,0.002705,0.002503
1300,0.002705,0.002503
1301,0.002705,0.002503
1302,0.002706,0.002503
1303,0.002706,0.002503
1304,0.002707,0.002504
1305,0.002707,0.002504
1306,0.002707,0.002504
1307,0.002708,0.002504
1308,0.002708,0.002504
1309,0.002708,0.002505
1310,0.002709,0.002505
1311,0.002709,0.002505
1312,0.002709,0.002505
1313,0.002710,0.002505
1314,0.002710,0.002506
1315,0.002711,0.002506
1316,0.002711,0.002506
1317,0.002711,0.002506
1318,0.002712,0.002506
1319,0.002712,0.002507
1320,0.002712,0.002507
1321,0.002713,0.002507
1322,0.002713,0.002507
1323,0.002714,0.002507
1324,0.002714,0.002508
1325,0.002714,0.002508
1326,0.002715,0.002508
1327,0.002715,0.002508
1328,0.002715,0.002508
1329,0.002716,0.002509
1330,0.002716,0.002509
1331,0.002717,0.002509
1332,0.002717,0.002509
1333,0.002717,0.002509
1334,0.002718,0.002510
1335,0.002718,0.002510
1336,0.002718,0.002510
1337,0.002719,0.002510
1338,0.002719,0.002510
1339,0.002719,0.002511
1340,0.002720,0.002511
1341,0.002720,0.002511
1342,0.002721,0.002511
1343,0.002721,0.002511
1344,0.002721,0.002512
1345,0.002722,0.002512
1346,0.002722,0.002512
1347,0.002722,0.002512
1348,0.002723,0.002512
1349,0.002723,0.002513
1350,0.002724,0.002513
1351,0.002724,0.002513
1352,0.002724,0.002513
1353,0.002725,0.002513
1354,0.002725,0.002514
1355,0.002725,0.002514
1356,0.002726,0.002514
1357,0.002726,0.002514
1358,0.002726,0.002514
1359,0.002727,0.002515
1360,0.002727,0.002515
1361,0.002728,0.002515
1362,0.002728,0.002515
1363,0.002728,0.002515
1364,0.002729,0.002516
1365,0.002729,0.002516
1366,0.002729,0.002516
1367,0.002730,0.002516
1368,0.002730,0.002516
1369,0.002731,0.002517
1370,0.002731,0.002517
1371,0.002731,0.002517
1372,0.002732,0.002517
1373,0.002732,0.002517
1374,0.002732,0.002518
1375,0.002733,0.002518
1376,0.002733,0.002518
1377,0.002733,0.002518
1378,0.002734,0.002518
1379,0.002734,0.002519
1380,0.002735,0.002519
1381,0.002735,0.002519
1382,0.002735,0.002519
1383,0.002736,0.002519
1384,0.002736,0.002520
1385,0.002736,0.002520
1386,0.002737,0.002520
1387,0.002737,0.002520
1388,0.002737,0.002520
1389,0.002738,0.002520
1390,0.002738,0.002521
1391,0.002739,0.002521
1392,0.002739,0.002521
1393,0.002739,0.002521
1394,0.002740,0.002521
1395,0.002740,0.002522
1396,0.002740,0.002522
1397,0.002741,0.002522
1398,0.002741,0.002522
1399,0.002741,0.002522
1400,0.002742,0.002523
1401,0.002742,0.002523
1402,0.002743,0.002523
1403,0.002743,0.002523
1404,0.002743,0.002523
1405,0.002744,0.002524
1406,0.002744,0.002524
1407,0.002744,0.002524
1408,0.002745,0.002524
1409,0.002745,0.002524
1410,0.002745,0.002525
1411,0.002746,0.002525
1412,0.002746,0.002525
1413,0.002747,0.002525
1414,0.002747,0.002525
1415,0.002747,0.002526
1416,0.002748,0.002526
1417,0.002748,0.002526
1418,0.002748,0.002526
1419,0.002749,0.002526
1420,0.002749,0.002527
1421,0.002749,0.002527
1422,0.002750,0.002527
1423,0.002750,0.002527
1424,0.002751,0.002527
1425,0.002751,0.002528
1426,0.002751,0.002528
1427,0.002752,0.002528
1428,0.002752,0.002528
1429,0.002752,0.002528
1430,0.002753,0.002529
1431,0.002753,0.002529
1432,0.002753,0.002529
1433,0.002754,0.002529
1434,0.002754,0.002529
1435,0.002755,0.002529
1436,0.002755,0.002530
1437,0.002755,0.002530
1438,0.002756,0.002530
1439,0.002756,0.002530
1440,0.002756,0.002530
1441,0.002757,0.002531
1442,0.002757,0.002531
1443,0.002757,0.002531
1444,0.002758,0.002531
1445,0.002758,0.002531
1446,0.002758,0.002532
1447,0.002759,0.002532
1448,0.002759,0.002532
1449,0.002760,0.002532
1450,0.002760,0.002532
1451,0.002760,0.002533
1452,0.002761,0.002533
1453,0.002761,0.002533
1454,0.002761,0.002533
1455,0.002762,0.002533
1456,0.002762,0.002534
1457,0.002762,0.002534
1458,0.002763,0.002534
1459,0.002763,0.002534
1460,0.002764,0.002534
1461,0.002764,0.002535
1462,0.002764,0.002535
1463,0.002765,0.002535
1464,0.002765,0.002535
1465,0.002765,0.002535
1466,0.002766,0.002536
1467,0.002766,0.002536
1468,0.002766,0.002536
1469,0.002767,0.002536
1470,0.002767,0.002536
1471,0.002767,0.002536
1472,0.002768,0.002537
1473,0.002768,0.002537
1474,0.002769,0.002537
1475,0.002769,0.002537
1476,0.002769,0.002537
1477,0.002770,0.002538
1478,0.002770,0.002538
1479,0.002770,0.002538
1480,0.002771,0.002538
1481,0.002771,0.002538
1482,0.002771,0.002539
1483,0.002772,0.002539
1484,0.002772,0.002539
1485,0.002772,0.002539
1486,0.002773,0.002539
1487,0.002773,0.002540
1488,0.002774,0.002540
1489,0.002774,0.002540
1490,0.002774,0.002540
1491,0.002775,0.002540
1492,0.002775,0.002541
1493,0.002775,0.002541
1494,0.002776,0.002541
1495,0.002776,0.002541
1496,0.002776,0.002541
1497,0.002777,0.002541
1498,0.002777,0.002542
1499,0.002777,0.002542
1500,0.002778,0.002542
1501,0.002778,0.002542
1502,0.002779,0.002542
1503,0.002779,0.002543
1504,0.002779,0.002543
1505,0.002780,0.002543
1506,0.002780,0.002543
1507,0.002780,0.002543
1508,0.002781,0.002544
1509,0.002781,0.002544
1510,0.002781,0.002544
1511,0.002782,0.002544
1512,0.002782,0.002544
1513,0.002782,0.002545
1514,0.002783,0.002545
1515,0.002783,0.002545
1516,0.002783,0.002545
1517,0.002784,0.002545
1518,0.002784,0.002546
1519,0.002785,0.002546
1520,0.002785,0.002546
1521,0.002785,0.002546
1522,0.002786,0.002546
1523,0.002786,0.002546
1524,0.002786,0.002547
1525,0.002787,0.002547
1526,0.002787,0.002547
1527,0.002787,0.002547
1528,0.002788,0.002547
1529,0.002788,0.002548
1530,0.002788,0.002548
1531,0.002789,0.002548
1532,0.002789,0.002548
1533,0.002789,0.002548
1534,0.002790,0.002549
1535,0.002790,0.002549
1536,0.002791,0.002549
1537,0.002791,0.002549
1538,0.002791,0.002549
1539,0.002792,0.002550
1540,0.002792,0.002550
1541,0.002792,0.002550
1542,0.002793,0.002550
1543,0.002793,0.002550
1544,0.002793,0.002551
1545,0.002794,0.002551
1546,0.002794,0.002551
1547,0.002794,0.002551
1548,0.002795,0.002551
1549,0.002795,0.002551
1550,0.002795,0.002552
1551,0.002796,0.002552
1552,0.002796,0.002552
1553,0.002796,0.002552
1554,0.002797,0.002552
1555,0.002797,0.002553
1556,0.002798,0.002553
1557,0.002798,0.002553
1558,0.002798,0.002553
1559,0.002799,0.002553
1560,0.002799,0.002554
1561,0.002799,0.002554
1562,0.002800,0.002554
1563,0.002800,0.002554
1564,0.002800,0.002554
1565,0.002801,0.002555
1566,0.002801,0.002555
1567,0.002801,0.002555
1568,0.002802,0.002555
1569,0.002802,0.002555
1570,0.002802,0.002555
1571,0.002803,0.002556
1572,0.002803,0.002556
1573,0.002803,0.002556
1574,0.002804,0.002556
1575,0.002804,0.002556
1576,0.002805,0.002557
1577,0.002805,0.002557
1578,0.002805,0.002557
1579,0.002806,0.002557
1580,0.002806,0.002557
1581,0.002806,0.002558
1582,0.002807,0.002558
1583,0.002807,0.002558
1584,0.002807,0.002558
1585,0.002808,0.002558
1586,0.002808,0.002558
1587,0.002808,0.002559
1588,0.002809,0.002559
1589,0.002809,0.002559
1590,0.002809,0.002559
1591,0.002810,0.002559
1592,0.002810,0.002560
1593,0.002810,0.002560
1594,0.002811,0.002560
1595,0.002811,0.002560
1596,0.002811,0.002560
1597,0.002812,0.002561
1598,0.002812,0.002561
1599,0.002813,0.002561
1600,0.002813,0.002561
1601,0.002813,0.002561
1602,0.002814,0.002562
1603,0.002814,0.002562
1604,0.002814,0.002562
1605,0.002815,0.002562
1606,0.002815,0.002562
1607,0.002815,0.002562
1608,0.002816,0.002563
1609,0.002816,0.002563
1610,0.002816,0.002563
1611,0.002817,0.002563
1612,0.002817,0.002563
1613,0.002817,0.002564
1614,0.002818,0.002564
1615,0.002818,0.002564
1616,0.002818,0.002564
1617,0.002819,0.002564
1618,0.002819,0.002565
1619,0.002819,0.002565
1620,0.002820,0.002565
1621,0.002820,0.002565
1622,0.002820,0.002565
1623,0.002821,0.002565
1624,0.002821,0.002566
1625,0.002822,0.002566
1626,0.002822,0.002566
1627,0.002822,0.002566
1628,0.002823,0.002566
1629,0.002823,0.002567
1630,0.002823,0.002567
1631,0.002824,0.002567
1632,0.002824,0.002567
1633,0.002824,0.002567
1634,0.002825,0.002568
1635,0.002825,0.002568
1636,0.002825,0.002568
1637,0.002826,0.002568
1638,0.002826,0.002568
1639,0.002826,0.002568
1640,0.002827,0.002569
1641,0.002827,0.002569
1642,0.002827,0.002569
1643,0.002828,0.002569
1644,0.002828,0.002569
1645,0.002828,0.002570
1646,0.002829,0.002570
1647,0.002829,0.002570
1648,0.002829,0.002570
1649,0.002830,0.002570
1650,0.002830,0.002571
1651,0.002830,0.002571
1652,0.002831,0.002571
1653,0.002831,0.002571
1654,0.002831,0.002571
1655,0.002832,0.002571
1656,0.002832,0.002572
1657,0.002832,0.002572
1658,0.002833,0.002572
1659,0.002833,0.002572
1660,0.002834,0.002572
1661,0.002834,0.002573
1662,0.002834,0.002573
1663,0.002835,0.002573
1664,0.002835,0.002573
1665,0.002835,0.002573
1666,0.002836,0.002574
1667,0.002836,0.002574
1668,0.002836,0.002574
1669,0.002837,0.002574
1670,0.002837,0.002574
1671,0.002837,0.002574
1672,0.002838,0.002575
1673,0.002838,0.002575
1674,0.002838,0.002575
1675,0.002839,0.002575
1676,0.002839,0.002575
1677,0.002839,0.002576
1678,0.002840,0.002576
1679,0.002840,0.002576
1680,0.002840,0.002576
1681,0.002841,0.002576
1682,0.002841,0.002577
1683,0.002841,0.002577
1684,0.002842,0.002577
1685,0.002842,0.002577
1686,0.002842,0.002577
1687,0.002843,0.002577
1688,0.002843,0.002578
1689,0.002843,0.002578
1690,0.002844,0.002578
1691,0.002844,0.002578
1692,0.002844,0.002578
1693,0.002845,0.002579
1694,0.002845,0.002579
1695,0.002845,0.002579
1696,0.002846,0.002579
1697,0.002846,0.002579
1698,0.002846,0.002579
1699,0.002847,0.002580
1700,0.002847,0.002580
1701,0.002847,0.002580
1702,0.002848,0.002580
1703,0.002848,0.002580
1704,0.002848,0.002581
1705,0.002849,0.002581
1706,0.002849,0.002581
1707,0.002849,0.002581
1708,0.002850,0.002581
1709,0.002850,0.002582
1710,0.002850,0.002582
1711,0.002851,0.002582
1712,0.002851,0.002582
1713,0.002851,0.002582
1714,0.002852,0.002582
1715,0.002852,0.002583
1716,0.002853,0.002583
1717,0.002853,0.002583
1718,0.002853,0.002583
1719,0.002854,0.002583
1720,0.002854,0.002584
1721,0.002854,0.002584
1722,0.002855,0.002584
1723,0.002855,0.002584
1724,0.002855,0.002584
1725,0.002856,0.002584
1726,0.002856,0.002585
1727,0.002856,0.002585
1728,0.002857,0.002585
1729,0.002857,0.002585
1730,0.002857,0.002585
1731,0.002858,0.002586
1732,0.002858,0.002586
1733,0.002858,0.002586
1734,0.002859,0.002586
1735,0.002859,0.002586
1736,0.002859,0.002586
1737,0.002860,0.002587
1738,0.002860,0.002587
1739,0.002860,0.002587
1740,0.002861,0.002587
1741,0.002861,0.002587
1742,0.002861,0.002588
1743,0.002862,0.002588
1744,0.002862,0.002588
1745,0.002862,0.002588
1746,0.002863,0.002588
1747,0.002863,0.002589
1748,0.002863,0.002589
1749,0.002864,0.002589
1750,0.002864,0.002589
1751,0.002864,0.002589
1752,0.002865,0.002589
1753,0.002865,0.002590
1754,0.002865,0.002590
1755,0.002866,0.002590
1756,0.002866,0.002590
1757,0.002866,0.002590
1758,0.002867,0.002591
1759,0.002867,0.002591
1760,0.002867,0.002591
1761,0.002868,0.002591
1762,0.002868,0.002591
1763,0.002868,0.002591
1764,0.002869,0.002592
1765,0.002869,0.002592
1766,0.002869,0.002592
1767,0.002870,0.002592
1768,0.002870,0.002592
1769,0.002870,0.002593
1770,0.002871,0.002593
1771,0.002871,0.002593
1772,0.002871,0.002593
1773,0.002872,0.002593
1774,0.002872,0.002593
1775,0.002872,0.002594
1776,0.002873,0.002594
1777,0.002873,0.002594
1778,0.002873,0.002594
1779,0.002874,0.002594
1780,0.002874,0.002595
1781,0.002874,0.002595
1782,0.002875,0.002595
1783,0.002875,0.002595
1784,0.002875,0.002595
1785,0.002876,0.002595
1786,0.002876,0.002596
1787,0.002876,0.002596
1788,0.002877,0.002596
1789,0.002877,0.002596
1790,0.002877,0.002596
1791,0.002878,0.002597
1792,0.002878,0.002597
1793,0.002878,0.002597
1794,0.002879,0.002597
1795,0.002879,0.002597
1796,0.002879,0.002597
1797,0.002880,0.002598
1798,0.002880,0.002598
1799,0.002880,0.002598
1800,0.002881,0.002598
1801,0.002881,0.002598
1802,0.002881,0.002599
1803,0.002882,0.002599
1804,0.002882,0.002599
1805,0.002882,0.002599
1806,0.002882,0.002599
1807,0.002883,0.002599
1808,0.002883,0.002600
1809,0.002883,0.002600
1810,0.002884,0.002600
1811,0.002884,0.002600
1812,0.002884,0.002600
1813,0.002885,0.002601
1814,0.002885,0.002601
1815,0.002885,0.002601
1816,0.002886,0.002601
1817,0.002886,0.002601
1818,0.002886,0.002601
1819,0.002887,0.002602
1820,0.002887,0.002602
1821,0.002887,0.002602
1822,0.002888,0.002602
1823,0.002888,0.002602
1824,0.002888,0.002603
1825,0.002889,0.002603
1826,0.002889,0.002603
1827,0.002889,0.002603
1828,0.002890,0.002603
1829,0.002890,0.002603
1830,0.002890,0.002604
1831,0.002891,0.002604
1832,0.002891,0.002604
1833,0.002891,0.002604
1834,0.002892,0.002604
1835,0.002892,0.002605
1836,0.002892,0.002605
1837,0.002893,0.002605
1838,0.002893,0.002605
1839,0.002893,0.002605
1840,0.002894,0.002605
1841,0.002894,0.002606
1842,0.002894,0.002606
1843,0.002895,0.002606
1844,0.002895,0.002606
1845,0.002895,0.002606
1846,0.002896,0.002607
1847,0.002896,0.002607
1848,0.002896,0.002607
1849,0.002897,0.002607
1850,0.002897,0.002607
1851,0.002897,0.002607
1852,0.002898,0.002608
1853,0.002898,0.002608
1854,0.002898,0.002608
1855,0.002899,0.002608
1856,0.002899,0.002608
1857,0.002899,0.002609
1858,0.002900,0.002609
1859,0.002900,0.002609
1860,0.002900,0.002609
1861,0.002901,0.002609
1862,0.002901,0.002609
1863,0.002901,0.002610
1864,0.002901,0.002610
1865,0.002902,0.002610
1866,0.002902,0.002610
1867,0.002902,0.002610
1868,0.002903,0.002610
1869,0.002903,0.002611
1870,0.002903,0.002611
1871,0.002904,0.002611
1872,0.002904,0.002611
1873,0.002904,0.002611
1874,0.002905,0.002612
1875,0.002905,0.002612
1876,0.002905,0.002612
1877,0.002906,0.002612
1878,0.002906,0.002612
1879,0.002906,0.002612
1880,0.002907,0.002613
1881,0.002907,0.002613
1882,0.002907,0.002613
1883,0.002908,0.002613
1884,0.002908,0.002613
1885,0.002908,0.002614
1886,0.002909,0.002614
1887,0.002909,0.002614
1888,0.002909,0.002614
1889,0.002910,0.002614
1890,0.002910,0.002614
1891,0.002910,0.002615
1892,0.002911,0.002615
1893,0.002911,0.002615
1894,0.002911,0.002615
1895,0.002912,0.002615
1896,0.002912,0.002615
1897,0.002912,0.002616
1898,0.002912,0.002616
1899,0.002913,0.002616
1900,0.002913,0.002616
1901,0.002913,0.002616
1902,0.002914,0.002617
1903,0.002914,0.002617
1904,0.002914,0.002617
1905,0.002915,0.002617
1906,0.002915,0.002617
1907,0.002915,0.002617
1908,0.002916,0.002618
1909,0.002916,0.002618
1910,0.002916,0.002618
1911,0.002917,0.002618
1912,0.002917,0.002618
1913,0.002917,0.002619
1914,0.002918,0.002619
1915,0.002918,0.002619
1916,0.002918,0.002619
1917,0.002919,0.002619
1918,0.002919,0.002619
1919,0.002919,0.002620
1920,0.002920,0.002620
1921,0.002920,0.002620
1922,0.002920,0.002620
1923,0.002921,0.002620
1924,0.002921,0.002620
1925,0.002921,0.002621
1926,0.002921,0.002621
1927,0.002922,0.002621
1928,0.002922,0.002621
1929,0.002922,0.002621
1930,0.002923,0.002622
1931,0.002923,0.002622
1932,0.002923,0.002622
1933,0.002924,0.002622
1934,0.002924,0.002622
1935,0.002924,0.002622
1936,0.002925,0.002623
1937,0.002925,0.002623
1938,0.002925,0.002623
1939,0.002926,0.002623
1940,0.002926,0.002623
1941,0.002926,0.002623
1942,0.002927,0.002624
1943,0.002927,0.002624
1944,0.002927,0.002624
1945,0.002928,0.002624
1946,0.002928,0.002624
1947,0.002928,0.002625
1948,0.002929,0.002625
1949,0.002929,0.002625
1950,0.002929,0.002625
1951,0.002929,0.002625
1952,0.002930,0.002625
1953,0.002930,0.002626
1954,0.002930,0.002626
1955,0.002931,0.002626
1956,0.002931,0.002626
1957,0.002931,0.002626
1958,0.002932,0.002627
1959,0.002932,0.002627
1960,0.002932,0.002627
1961,0.002933,0.002627
1962,0.002933,0.002627
1963,0.002933,0.002627
1964,0.002934,0.002628
1965,0.002934,0.002628
1966,0.002934,0.002628
1967,0.002935,0.002628
1968,0.002935,0.002628
1969,0.002935,0.002628
1970,0.002936,0.002629
1971,0.002936,0.002629
1972,0.002936,0.002629
1973,0.002936,0.002629
1974,0.002937,0.002629
1975,0.002937,0.002629
1976,0.002937,0.002630
1977,0.002938,0.002630
1978,0.002938,0.002630
1979,0.002938,0.002630
1980,0.002939,0.002630
1981,0.002939,0.002631
1982,0.002939,0.002631
1983,0.002940,0.002631
1984,0.002940,0.002631
1985,0.002940,0.002631
1986,0.002941,0.002631
1987,0.002941,0.002632
1988,0.002941,0.002632
1989,0.002942,0.002632
1990,0.002942,0.002632
1991,0.002942,0.002632
1992,0.002942,0.002632
1993,0.002943,0.002633
1994,0.002943,0.002633
1995,0.002943,0.002633
1996,0.002944,0.002633
1997,0.002944,0.002633
1998,0.002944,0.002634
1999,0.002945,0.002634
2000,0.002945,0.002634
2001,0.002945,0.002634
2002,0.002946,0.002634
2003,0.002946,0.002634
2004,0.002946,0.002635
2005,0.002947,0.002635
2006,0.002947,0.002635
2007,0.002947,0.002635
2008,0.002947,0.002635
2009,0.002948,0.002635
2010,0.002948,0.002636
2011,0.002948,0.002636
2012,0.002949,0.002636
2013,0.002949,0.002636
2014,0.002949,0.002636
2015,0.002950,0.002637
2016,0.002950,0.002637
2017,0.002950,0.002637
2018,0.002951,0.002637
2019,0.002951,0.002637
2020,0.002951,0.002637
2021,0.002952,0.002638
2022,0.002952,0.002638
2023,0.002952,0.002638
2024,0.002953,0.002638
2025,0.002953,0.002638
2026,0.002953,0.002638
2027,0.002953,0.002639
2028,0.002954,0.002639
2029,0.002954,0.002639
2030,0.002954,0.002639
2031,0.002955,0.002639
2032,0.002955,0.002639
2033,0.002955,0.002640
2034,0.002956,0.002640
2035,0.002956,0.002640
2036,0.002956,0.002640
2037,0.002957,0.002640
2038,0.002957,0.002641
2039,0.002957,0.002641
2040,0.002958,0.002641
2041,0.002958,0.002641
2042,0.002958,0.002641
2043,0.002958,0.002641
2044,0.002959,0.002642
2045,0.002959,0.002642
2046,0.002959,0.002642
2047,0.002960,0.002642
2048,0.002960,0.002642
2049,0.002960,0.002642
2050,0.002961,0.002643
2051,0.002961,0.002643
2052,0.002961,0.002643
2053,0.002962,0.002643
2054,0.002962,0.002643
2055,0.002962,0.002643
2056,0.002962,0.002644
2057,0.002963,0.002644
2058,0.002963,0.002644
2059,0.002963,0.002644
2060,0.002964,0.002644
2061,0.002964,0.002644
2062,0.002964,0.002645
2063,0.002965,0.002645
2064,0.002965,0.002645
2065,0.002965,0.002645
2066,0.002966,0.002645
2067,0.002966,0.002646
2068,0.002966,0.002646
2069,0.002967,0.002646
2070,0.002967,0.002646
2071,0.002967,0.002646
2072,0.002967,0.002646
2073,0.002968,0.002647
2074,0.002968,0.002647
2075,0.002968,0.002647
2076,0.002969,0.002647
2077,0.002969,0.002647
2078,0.002969,0.002647
2079,0.002970,0.002648
2080,0.002970,0.002648
2081,0.002970,0.002648
2082,0.002971,0.002648
2083,0.002971,0.002648
2084,0.002971,0.002648
2085,0.002971,0.002649
2086,0.002972,0.002649
2087,0.002972,0.002649
2088,0.002972,0.002649
2089,0.002973,0.002649
2090,0.002973,0.002649
2091,0.002973,0.002650
2092,0.002974,0.002650
2093,0.002974,0.002650
2094,0.002974,0.002650
2095,0.002975,0.002650
2096,0.002975,0.002651
2097,0.002975,0.002651
2098,0.002975,0.002651
2099,0.002976,0.002651
2100,0.002976,0.002651
2101,0.002976,0.002651
2102,0.002977,0.002652
2103,0.002977,0.002652
2104,0.002977,0.002652
2105,0.002978,0.002652
2106,0.002978,0.002652
2107,0.002978,0.002652
2108,0.002979,0.002653
2109,0.002979,0.002653
2110,0.002979,0.002653
2111,0.002979,0.002653
2112,0.002980,0.002653
2113,0.002980,0.002653
2114,0.002980,0.002654
2115,0.002981,0.002654
2116,0.002981,0.002654
2117,0.002981,0.002654
2118,0.002982,0.002654
2119,0.002982,0.002654
2120,0.002982,0.002655
2121,0.002983,0.002655
2122,0.002983,0.002655
2123,0.002983,0.002655
2124,0.002983,0.002655
2125,0.002984,0.002655
2126,0.002984,0.002656
2127,0.002984,0.002656
2128,0.002985,0.002656
2129,0.002985,0.002656
2130,0.002985,0.002656
2131,0.002986,0.002657
2132,0.002986,0.002657
2133,0.002986,0.002657
2134,0.002986,0.002657
2135,0.002987,0.002657
2136,0.002987,0.002657
2137,0.002987,0.002658
2138,0.002988,0.002658
2139,0.002988,0.002658
2140,0.002988,0.002658
2141,0.002989,0.002658
2142,0.002989,0.002658
2143,0.002989,0.002659
2144,0.002990,0.002659
2145,0.002990,0.002659
2146,0.002990,0.002659
2147,0.002990,0.002659
2148,0.002991,0.002659
2149,0.002991,0.002660
2150,0.002991,0.002660
2151,0.002992,0.002660
2152,0.002992,0.002660
2153,0.002992,0.002660
2154,0.002993,0.002660
2155,0.002993,0.002661
2156,0.002993,0.002661
2157,0.002993,0.002661
2158,0.002994,0.002661
2159,0.002994,0.002661
2160,0.002994,0.002661
2161,0.002995,0.002662
2162,0.002995,0.002662
2163,0.002995,0.002662
2164,0.002996,0.002662
2165,0.002996,0.002662
2166,0.002996,0.002662
2167,0.002997,0.002663
2168,0.002997,0.002663
2169,0.002997,0.002663
2170,0.002997,0.002663
2171,0.002998,0.002663
2172,0.002998,0.002663
2173,0.002998,0.002664
2174,0.002999,0.002664
2175,0.002999,0.002664
2176,0.002999,0.002664
2177,0.003000,0.002664
2178,0.003000,0.002665
2179,0.003000,0.002665
2180,0.003000,0.002665
2181,0.003001,0.002665
2182,0.003001,0.002665
2183,0.003001,0.002665
2184,0.003002,0.002666
2185,0.003002,0.002666
2186,0.003002,0.002666
2187,0.003003,0.002666
2188,0.003003,0.002666
2189,0.003003,0.002666
2190,0.003003,0.002667
2191,0.003004,0.002667
2192,0.003004,0.002667
2193,0.003004,0.002667
2194,0.003005,0.002667
2195,0.003005,0.002667
2196,0.003005,0.002668
2197,0.003006,0.002668
2198,0.003006,0.002668
2199,0.003006,0.002668
2200,0.003006,0.002668
2201,0.003007,0.002668
2202,0.003007,0.002669
2203,0.003007,0.002669
2204,0.003008,0.002669
2205,0.003008,0.002669
2206,0.003008,0.002669
2207,0.003009,0.002669
2208,0.003009,0.002670
2209,0.003009,0.002670
2210,0.003009,0.002670
2211,0.003010,0.002670
2212,0.003010,0.002670
2213,0.003010,0.002670
2214,0.003011,0.002671
2215,0.003011,0.002671
2216,0.003011,0.002671
2217,0.003012,0.002671
2218,0.003012,0.002671
2219,0.003012,0.002671
2220,0.003012,0.002672
2221,0.003013,0.002672
2222,0.003013,0.002672
2223,0.003013,0.002672
2224,0.003014,0.002672
2225,0.003014,0.002672
2226,0.003014,0.002673
2227,0.003015,0.002673
2228,0.003015,0.002673
2229,0.003015,0.002673
2230,0.003015,0.002673
2231,0.003016,0.002673
2232,0.003016,0.002674
2233,0.003016,0.002674
2234,0.003017,0.002674
2235,0.003017,0.002674
2236,0.003017,0.002674
2237,0.003018,0.002674
2238,0.003018,0.002675
2239,0.003018,0.002675
2240,0.003018,0.002675
2241,0.003019,0.002675
2242,0.003019,0.002675
2243,0.003019,0.002675
2244,0.003020,0.002676
2245,0.003020,0.002676
2246,0.003020,0.002676
2247,0.003021,0.002676
2248,0.003021,0.002676
2249,0.003021,0.002676
2250,0.003021,0.002677
2251,0.003022,0.002677
2252,0.003022,0.002677
2253,0.003022,0.002677
2254,0.003023,0.002677
2255,0.003023,0.002677
2256,0.003023,0.002678
2257,0.003023,0.002678
2258,0.003024,0.002678
2259,0.003024,0.002678
2260,0.003024,0.002678
2261,0.003025,0.002678
2262,0.003025,0.002679
2263,0.003025,0.002679
2264,0.003026,0.002679
2265,0.003026,0.002679
2266,0.003026,0.002679
2267,0.003026,0.002679
2268,0.003027,0.002680
2269,0.003027,0.002680
2270,0.003027,0.002680
2271,0.003028,0.002680
2272,0.003028,0.002680
2273,0.003028,0.002680
2274,0.003029,0.002681
2275,0.003029,0.002681
2276,0.003029,0.002681
2277,0.003029,0.002681
2278,0.003030,0.002681
2279,0.003030,0.002681
2280,0.003030,0.002682
2281,0.003031,0.002682
2282,0.003031,0.002682
2283,0.003031,0.002682
2284,0.003031,0.002682
2285,0.003032,0.002682
2286,0.003032,0.002683
2287,0.003032,0.002683
2288,0.003033,0.002683
2289,0.003033,0.002683
2290,0.003033,0.002683
2291,0.003034,0.002683
2292,0.003034,0.002684
2293,0.003034,0.002684
2294,0.003034,0.002684
2295,0.003035,0.002684
2296,0.003035,0.002684
2297,0.003035,0.002684
2298,0.003036,0.002685
2299,0.003036,0.002685
2300,0.003036,0.002685
2301,0.003036,0.002685
2302,0.003037,0.002685
2303,0.003037,0.002685
2304,0.003037,0.002686
2305,0.003038,0.002686
2306,0.003038,0.002686
2307,0.003038,0.002686
2308,0.003039,0.002686
2309,0.003039,0.002686
2310,0.003039,0.002687
2311,0.003039,0.002687
2312,0.003040,0.002687
2313,0.003040,0.002687
2314,0.003040,0.002687
2315,0.003041,0.002687
2316,0.003041,0.002688
2317,0.003041,0.002688
2318,0.003041,0.002688
2319,0.003042,0.002688
2320,0.003042,0.002688
2321,0.003042,0.002688
2322,0.003043,0.002689
2323,0.003043,0.002689
2324,0.003043,0.002689
2325,0.003043,0.002689
2326,0.003044,0.002689
2327,0.003044,0.002689
2328,0.003044,0.002690
2329,0.003045,0.002690
2330,0.003045,0.002690
2331,0.003045,0.002690
2332,0.003046,0.002690
2333,0.003046,0.002690
2334,0.003046,0.002691
2335,0.003046,0.002691
2336,0.003047,0.002691
2337,0.003047,0.002691
2338,0.003047,0.002691
2339,0.003048,0.002691
2340,0.003048,0.002692
2341,0.003048,0.002692
2342,0.003048,0.002692
2343,0.003049,0.002692
2344,0.003049,0.002692
2345,0.003049,0.002692
2346,0.003050,0.002692
2347,0.003050,0.002693
2348,0.003050,0.002693
2349,0.003050,0.002693
2350,0.003051,0.002693
2351,0.003051,0.002693
2352,0.003051,0.002693
2353,0.003052,0.002694
2354,0.003052,0.002694
2355,0.003052,0.002694
2356,0.003053,0.002694
2357,0.003053,0.002694
2358,0.003053,0.002694
2359,0.003053,0.002695
2360,0.003054,0.002695
2361,0.003054,0.002695
2362,0.003054,0.002695
2363,0.003055,0.002695
2364,0.003055,0.002695
2365,0.003055,0.002696
2366,0.003055,0.002696
2367,0.003056,0.002696
2368,0.003056,0.002696
2369,0.003056,0.002696
2370,0.003057,0.002696
2371,0.003057,0.002697
2372,0.003057,0.002697
2373,0.003057,0.002697
2374,0.003058,0.002697
2375,0.003058,0.002697
2376,0.003058,0.002697
2377,0.003059,0.002698
2378,0.003059,0.002698
2379,0.003059,0.002698
2380,0.003059,0.002698
2381,0.003060,0.002698
2382,0.003060,0.002698
2383,0.003060,0.002699
2384,0.003061,0.002699
2385,0.003061,0.002699
2386,0.003061,0.002699
2387,0.003061,0.002699
2388,0.003062,0.002699
2389,0.003062,0.002700
2390,0.003062,0.002700
2391,0.003063,0.002700
2392,0.003063,0.002700
2393,0.003063,0.002700
2394,0.003063,0.002700
2395,0.003064,0.002700
2396,0.003064,0.002701
2397,0.003064,0.002701
2398,0.003065,0.002701
2399,0.003065,0.002701
2400,0.003065,0.002701
2401,0.003066,0.002701
2402,0.003066,0.002702
2403,0.003066,0.002702
2404,0.003066,0.002702
2405,0.003067,0.002702
2406,0.003067,0.002702
2407,0.003067,0.002702
2408,0.003068,0.002703
2409,0.003068,0.002703
2410,0.003068,0.002703
2411,0.003068,0.002703
2412,0.003069,0.002703
2413,0.003069,0.002703
2414,0.003069,0.002704
2415,0.003070,0.002704
2416,0.003070,0.002704
2417,0.003070,0.002704
2418,0.003070,0.002704
2419,0.003071,0.002704
2420,0.003071,0.002705
2421,0.003071,0.002705
2422,0.003072,0.002705
2423,0.003072,0.002705
2424,0.003072,0.002705
2425,0.003072,0.002705
2426,0.003073,0.002706
2427,0.003073,0.002706
2428,0.003073,0.002706
2429,0.003074,0.002706
2430,0.003074,0.002706
2431,0.003074,0.002706
2432,0.003074,0.002706
2433,0.003075,0.002707
2434,0.003075,0.002707
2435,0.003075,0.002707
2436,0.003076,0.002707
2437,0.003076,0.002707
2438,0.003076,0.002707
2439,0.003076,0.002708
2440,0.003077,0.002708
2441,0.003077,0.002708
2442,0.003077,0.002708
2443,0.003078,0.002708
2444,0.003078,0.002708
2445,0.003078,0.002709
2446,0.003078,0.002709
2447,0.003079,0.002709
2448,0.003079,0.002709
2449,0.003079,0.002709
2450,0.003079,0.002709
2451,0.003080,0.002710
2452,0.003080,0.002710
2453,0.003080,0.002710
2454,0.003081,0.002710
2455,0.003081,0.002710
2456,0.003081,0.002710
2457,0.003081,0.002711
2458,0.003082,0.002711
2459,0.003082,0.002711
2460,0.003082,0.002711
2461,0.003083,0.002711
2462,0.003083,0.002711
2463,0.003083,0.002711
2464,0.003083,0.002712
2465,0.003084,0.002712
2466,0.003084,0.002712
2467,0.003084,0.002712
2468,0.003085,0.002712
2469,0.003085,0.002712
2470,0.003085,0.002713
2471,0.003085,0.002713
2472,0.003086,0.002713
2473,0.003086,0.002713
2474,0.003086,0.002713
2475,0.003087,0.002713
2476,0.003087,0.002714
2477,0.003087,0.002714
2478,0.003087,0.002714
2479,0.003088,0.002714
2480,0.003088,0.002714
2481,0.003088,0.002714
2482,0.003089,0.002715
2483,0.003089,0.002715
2484,0.003089,0.002715
2485,0.003089,0.002715
2486,0.003090,0.002715
2487,0.003090,0.002715
2488,0.003090,0.002715
2489,0.003091,0.002716
2490,0.003091,0.002716
2491,0.003091,0.002716
2492,0.003091,0.002716
2493,0.003092,0.002716
2494,0.003092,0.002716
2495,0.003092,0.002717
2496,0.003092,0.002717
2497,0.003093,0.002717
2498,0.003093,0.002717
2499,0.003093,0.002717
2500,0.003094,0.002717
2501,0.003094,0.002718
2502,0.003094,0.002718
2503,0.003094,0.002718
2504,0.003095,0.002718
2505,0.003095,0.002718
2506,0.003095,0.002718
2507,0.003096,0.002719
2508,0.003096,0.002719
2509,0.003096,0.002719
2510,0.003096,0.002719
2511,0.003097,0.002719
2512,0.003097,0.002719
2513,0.003097,0.002719
2514,0.003098,0.002720
2515,0.003098,0.002720
2516,0.003098,0.002720
2517,0.003098,0.002720
2518,0.003099,0.002720
2519,0.003099,0.002720
2520,0.003099,0.002721
2521,0.003100,0.002721
2522,0.003100,0.002721
2523,0.003100,0.002721
2524,0.003100,0.002721
2525,0.003101,0.002721
2526,0.003101,0.002722
2527,0.003101,0.002722
2528,0.003101,0.002722
2529,0.003102,0.002722
2530,0.003102,0.002722
2531,0.003102,0.002722
2532,0.003103,0.002722
2533,0.003103,0.002723
2534,0.003103,0.002723
2535,0.003103,0.002723
2536,0.003104,0.002723
2537,0.003104,0.002723
2538,0.003104,0.002723
2539,0.003105,0.002724
2540,0.003105,0.002724
2541,0.003105,0.002724
2542,0.003105,0.002724
2543,0.003106,0.002724
2544,0.003106,0.002724
2545,0.003106,0.002725
2546,0.003106,0.002725
2547,0.003107,0.002725
2548,0.003107,0.002725
2549,0.003107,0.002725
2550,0.003108,0.002725
2551,0.003108,0.002725
2552,0.003108,0.002726
2553,0.003108,0.002726
2554,0.003109,0.002726
2555,0.003109,0.002726
2556,0.003109,0.002726
2557,0.003110,0.002726
2558,0.003110,0.002727
2559,0.003110,0.002727
2560,0.003110,0.002727
2561,0.003111,0.002727
2562,0.003111,0.002727
2563,0.003111,0.002727
2564,0.003111,0.002728
2565,0.003112,0.002728
2566,0.003112,0.002728
2567,0.003112,0.002728
2568,0.003113,0.002728
2569,0.003113,0.002728
2570,0.003113,0.002728
2571,0.003113,0.002729
2572,0.003114,0.002729
2573,0.003114,0.002729
2574,0.003114,0.002729
2575,0.003115,0.002729
2576,0.003115,0.002729
2577,0.003115,0.002730
2578,0.003115,0.002730
2579,0.003116,0.002730
2580,0.003116,0.002730
2581,0.003116,0.002730
2582,0.003116,0.002730
2583,0.003117,0.002731
2584,0.003117,0.002731
2585,0.003117,0.002731
2586,0.003118,0.002731
2587,0.003118,0.002731
2588,0.003118,0.002731
2589,0.003118,0.002731
2590,0.003119,0.002732
2591,0.003119,0.002732
2592,0.003119,0.002732
2593,0.003119,0.002732
2594,0.003120,0.002732
2595,0.003120,0.002732
2596,0.003120,0.002733
2597,0.003121,0.002733
2598,0.003121,0.002733
2599,0.003121,0.002733
2600,0.003121,0.002733
2601,0.003122,0.002733
2602,0.003122,0.002734
2603,0.003122,0.002734
2604,0.003123,0.002734
2605,0.003123,0.002734
2606,0.003123,0.002734
2607,0.003123,0.002734
2608,0.003124,0.002734
2609,0.003124,0.002735
2610,0.003124,0.002735
2611,0.003124,0.002735
2612,0.003125,0.002735
2613,0.003125,0.002735
2614,0.003125,0.002735
2615,0.003126,0.002736
2616,0.003126,0.002736
2617,0.003126,0.002736
2618,0.003126,0.002736
2619,0.003127,0.002736
2620,0.003127,0.002736
2621,0.003127,0.002736
2622,0.003127,0.002737
2623,0.003128,0.002737
2624,0.003128,0.002737
2625,0.003128,0.002737
2626,0.003129,0.002737
2627,0.003129,0.002737
2628,0.003129,0.002738
2629,0.003129,0.002738
2630,0.003130,0.002738
2631,0.003130,0.002738
2632,0.003130,0.002738
2633,0.003130,0.002738
2634,0.003131,0.002739
2635,0.003131,0.002739
2636,0.003131,0.002739
2637,0.003132,0.002739
2638,0.003132,0.002739
2639,0.003132,0.002739
2640,0.003132,0.002739
2641,0.003133,0.002740
2642,0.003133,0.002740
2643,0.003133,0.002740
2644,0.003133,0.002740
2645,0.003134,0.002740
2646,0.003134,0.002740
2647,0.003134,0.002741
2648,0.003135,0.002741
2649,0.003135,0.002741
2650,0.003135,0.002741
2651,0.003135,0.002741
2652,0.003136,0.002741
2653,0.003136,0.002741
2654,0.003136,0.002742
2655,0.003136,0.002742
2656,0.003137,0.002742
2657,0.003137,0.002742
2658,0.003137,0.002742
2659,0.003138,0.002742
2660,0.003138,0.002743
2661,0.003138,0.002743
2662,0.003138,0.002743
2663,0.003139,0.002743
2664,0.003139,0.002743
2665,0.003139,0.002743
2666,0.003139,0.002743
2667,0.003140,0.002744
2668,0.003140,0.002744
2669,0.003140,0.002744
2670,0.003141,0.002744
2671,0.003141,0.002744
2672,0.003141,0.002744
2673,0.003141,0.002745
2674,0.003142,0.002745
2675,0.003142,0.002745
2676,0.003142,0.002745
2677,0.003142,0.002745
2678,0.003143,0.002745
2679,0.003143,0.002745
2680,0.003143,0.002746
2681,0.003143,0.002746
2682,0.003144,0.002746
2683,0.003144,0.002746
2684,0.003144,0.002746
2685,0.003145,0.002746
2686,0.003145,0.002747
2687,0.003145,0.002747
2688,0.003145,0.002747
2689,0.003146,0.002747
2690,0.003146,0.002747
2691,0.003146,0.002747
2692,0.003146,0.002747
2693,0.003147,0.002748
2694,0.003147,0.002748
2695,0.003147,0.002748
2696,0.003148,0.002748
2697,0.003148,0.002748
2698,0.003148,0.002748
2699,0.003148,0.002749
2700,0.003149,0.002749
2701,0.003149,0.002749
2702,0.003149,0.002749
2703,0.003149,0.002749
2704,0.003150,0.002749
2705,0.003150,0.002749
2706,0.003150,0.002750
2707,0.003150,0.002750
2708,0.003151,0.002750
2709,0.003151,0.002750
2710,0.003151,0.002750
2711,0.003152,0.002750
2712,0.003152,0.002751
2713,0.003152,0.002751
2714,0.003152,0.002751
2715,0.003153,0.002751
2716,0.003153,0.002751
2717,0.003153,0.002751
2718,0.003153,0.002751
2719,0.003154,0.002752
2720,0.003154,0.002752
2721,0.003154,0.002752
2722,0.003155,0.002752
2723,0.003155,0.002752
2724,0.003155,0.002752
2725,0.003155,0.002753
2726,0.003156,0.002753
2727,0.003156,0.002753
2728,0.003156,0.002753
2729,0.003156,0.002753
2730,0.003157,0.002753
2731,0.003157,0.002753
2732,0.003157,0.002754
2733,0.003157,0.002754
2734,0.003158,0.002754
2735,0.003158,0.002754
2736,0.003158,0.002754
2737,0.003159,0.002754
2738,0.003159,0.002755
2739,0.003159,0.002755
2740,0.003159,0.002755
2741,0.003160,0.002755
2742,0.003160,0.002755
2743,0.003160,0.002755
2744,0.003160,0.002755
2745,0.003161,0.002756
2746,0.003161,0.002756
2747,0.003161,0.002756
2748,0.003161,0.002756
2749,0.003162,0.002756
2750,0.003162,0.002756
2751,0.003162,0.002757
2752,0.003163,0.002757
2753,0.003163,0.002757
2754,0.003163,0.002757
2755,0.003163,0.002757
2756,0.003164,0.002757
2757,0.003164,0.002757
2758,0.003164,0.002758
2759,0.003164,0.002758
2760,0.003165,0.002758
2761,0.003165,0.002758
2762,0.003165,0.002758
2763,0.003165,0.002758
2764,0.003166,0.002759
2765,0.003166,0.002759
2766,0.003166,0.002759
2767,0.003167,0.002759
2768,0.003167,0.002759
2769,0.003167,0.002759
2770,0.003167,0.002759
2771,0.003168,0.002760
2772,0.003168,0.002760
2773,0.003168,0.002760
2774,0.003168,0.002760
2775,0.003169,0.002760
2776,0.003169,0.002760
2777,0.003169,0.002760
2778,0.003169,0.002761
2779,0.003170,0.002761
2780,0.003170,0.002761
2781,0.003170,0.002761
2782,0.003170,0.002761
2783,0.003171,0.002761
2784,0.003171,0.002762
2785,0.003171,0.002762
2786,0.003172,0.002762
2787,0.003172,0.002762
2788,0.003172,0.002762
2789,0.003172,0.002762
2790,0.003173,0.002762
2791,0.003173,0.002763
2792,0.003173,0.002763
2793,0.003173,0.002763
2794,0.003174,0.002763
2795,0.003174,0.002763
2796,0.003174,0.002763
2797,0.003174,0.002764
2798,0.003175,0.002764
2799,0.003175,0.002764
2800,0.003175,0.002764
2801,0.003175,0.002764
2802,0.003176,0.002764
2803,0.003176,0.002764
2804,0.003176,0.002765
2805,0.003177,0.002765
2806,0.003177,0.002765
2807,0.003177,0.002765
2808,0.003177,0.002765
2809,0.003178,0.002765
2810,0.003178,0.002765
2811,0.003178,0.002766
2812,0.003178,0.002766
2813,0.003179,0.002766
2814,0.003179,0.002766
2815,0.003179,0.002766
2816,0.003179,0.002766
2817,0.003180,0.002767
2818,0.003180,0.002767
2819,0.003180,0.002767
2820,0.003180,0.002767
2821,0.003181,0.002767
2822,0.003181,0.002767
2823,0.003181,0.002767
2824,0.003182,0.002768
2825,0.003182,0.002768
2826,0.003182,0.002768
2827,0.003182,0.002768
2828,0.003183,0.002768
2829,0.003183,0.002768
2830,0.003183,0.002769
2831,0.003183,0.002769
2832,0.003184,0.002769
2833,0.003184,0.002769
2834,0.003184,0.002769
2835,0.003184,0.002769
2836,0.003185,0.002769
2837,0.003185,0.002770
2838,0.003185,0.002770
2839,0.003185,0.002770
2840,0.003186,0.002770
2841,0.003186,0.002770
2842,0.003186,0.002770
2843,0.003187,0.002770
2844,0.003187,0.002771
2845,0.003187,0.002771
2846,0.003187,0.002771
2847,0.003188,0.002771
2848,0.003188,0.002771
2849,0.003188,0.002771
2850,0.003188,0.002772
2851,0.003189,0.002772
2852,0.003189,0.002772
2853,0.003189,0.002772
2854,0.003189,0.002772
2855,0.003190,0.002772
2856,0.003190,0.002772
2857,0.003190,0.002773
2858,0.003190,0.002773
2859,0.003191,0.002773
2860,0.003191,0.002773
2861,0.003191,0.002773
2862,0.003191,0.002773
2863,0.003192,0.002773
2864,0.003192,0.002774
2865,0.003192,0.002774
2866,0.003192,0.002774
2867,0.003193,0.002774
2868,0.003193,0.002774
2869,0.003193,0.002774
2870,0.003194,0.002775
2871,0.003194,0.002775
2872,0.003194,0.002775
2873,0.003194,0.002775
2874,0.003195,0.002775
2875,0.003195,0.002775
2876,0.003195,0.002775
2877,0.003195,0.002776
2878,0.003196,0.002776
2879,0.003196,0.002776
2880,0.003196,0.002776
2881,0.003196,0.002776
2882,0.003197,0.002776
2883,0.003197,0.002776
2884,0.003197,0.002777
2885,0.003197,0.002777
2886,0.003198,0.002777
2887,0.003198,0.002777
2888,0.003198,0.002777
2889,0.003198,0.002777
2890,0.003199,0.002777
2891,0.003199,0.002778
2892,0.003199,0.002778
2893,0.003199,0.002778
2894,0.003200,0.002778
2895,0.003200,0.002778
2896,0.003200,0.002778
2897,0.003201,0.002779
2898,0.003201,0.002779
2899,0.003201,0.002779
2900,0.003201,0.002779
2901,0.003202,0.002779
2902,0.003202,0.002779
2903,0.003202,0.002779
2904,0.003202,0.002780
2905,0.003203,0.002780
2906,0.003203,0.002780
2907,0.003203,0.002780
2908,0.003203,0.002780
2909,0.003204,0.002780
2910,0.003204,0.002780
2911,0.003204,0.002781
2912,0.003204,0.002781
2913,0.003205,0.002781
2914,0.003205,0.002781
2915,0.003205,0.002781
2916,0.003205,0.002781
2917,0.003206,0.002782
2918,0.003206,0.002782
2919,0.003206,0.002782
2920,0.003206,0.002782
2921,0.003207,0.002782
2922,0.003207,0.002782
2923,0.003207,0.002782
2924,0.003207,0.002783
2925,0.003208,0.002783
2926,0.003208,0.002783
2927,0.003208,0.002783
2928,0.003209,0.002783
2929,0.003209,0.002783
2930,0.003209,0.002783
2931,0.003209,0.002784
2932,0.003210,0.002784
2933,0.003210,0.002784
2934,0.003210,0.002784
2935,0.003210,0.002784
2936,0.003211,0.002784
2937,0.003211,0.002784
2938,0.003211,0.002785
2939,0.003211,0.002785
2940,0.003212,0.002785
2941,0.003212,0.002785
2942,0.003212,0.002785
2943,0.003212,0.002785
2944,0.003213,0.002785
2945,0.003213,0.002786
2946,0.003213,0.002786
2947,0.003213,0.002786
2948,0.003214,0.002786
2949,0.003214,0.002786
2950,0.003214,0.002786
2951,0.003214,0.002787
2952,0.003215,0.002787
2953,0.003215,0.002787
2954,0.003215,0.002787
2955,0.003215,0.002787
2956,0.003216,0.002787
2957,0.003216,0.002787
2958,0.003216,0.002788
2959,0.003216,0.002788
2960,0.003217,0.002788
2961,0.003217,0.002788
2962,0.003217,0.002788
2963,0.003217,0.002788
2964,0.003218,0.002788
2965,0.003218,0.002789
2966,0.003218,0.002789
2967,0.003218,0.002789
2968,0.003219,0.002789
2969,0.003219,0.002789
2970,0.003219,0.002789
2971,0.003219,0.002789
2972,0.003220,0.002790
2973,0.003220,0.002790
2974,0.003220,0.002790
2975,0.003221,0.002790
2976,0.003221,0.002790
2977,0.003221,0.002790
2978,0.003221,0.002791
2979,0.003222,0.002791
2980,0.003222,0.002791
2981,0.003222,0.002791
2982,0.003222,0.002791
2983,0.003223,0.002791
2984,0.003223,0.002791
2985,0.003223,0.002792
2986,0.003223,0.002792
2987,0.003224,0.002792
2988,0.003224,0.002792
2989,0.003224,0.002792
2990,0.003224,0.002792
2991,0.003225,0.002792
2992,0.003225,0.002793
2993,0.003225,0.002793
2994,0.003225,0.002793
2995,0.003226,0.002793
2996,0.003226,0.002793
2997,0.003226,0.002793
2998,0.003226,0.002793
2999,0.003227,0.002794
3000,0.003227,0.002794
3001,0.003227,0.002794
3002,0.003227,0.002794
3003,0.003228,0.002794
3004,0.003228,0.002794
3005,0.003228,0.002794
3006,0.003228,0.002795
3007,0.003229,0.002795
3008,0.003229,0.002795
3009,0.003229,0.002795
3010,0.003229,0.002795
3011,0.003230,0.002795
3012,0.003230,0.002795
3013,0.003230,0.002796
3014,0.003230,0.002796
3015,0.003231,0.002796
3016,0.003231,0.002796
3017,0.003231,0.002796
3018,0.003231,0.002796
3019,0.003232,0.002796
3020,0.003232,0.002797
3021,0.003232,0.002797
3022,0.003232,0.002797
3023,0.003233,0.002797
3024,0.003233,0.002797
3025,0.003233,0.002797
3026,0.003233,0.002798
3027,0.003234,0.002798
3028,0.003234,0.002798
3029,0.003234,0.002798
3030,0.003234,0.002798
3031,0.003235,0.002798
3032,0.003235,0.002798
3033,0.003235,0.002799
3034,0.003235,0.002799
3035,0.003236,0.002799
3036,0.003236,0.002799
3037,0.003236,0.002799
3038,0.003236,0.002799
3039,0.003237,0.002799
3040,0.003237,0.002800
3041,0.003237,0.002800
3042,0.003237,0.002800
3043,0.003238,0.002800
3044,0.003238,0.002800
3045,0.003238,0.002800
3046,0.003238,0.002800
3047,0.003239,0.002801
3048,0.003239,0.002801
3049,0.003239,0.002801
3050,0.003239,0.002801
3051,0.003240,0.002801
3052,0.003240,0.002801
3053,0.003240,0.002801
3054,0.003240,0.002802
3055,0.003241,0.002802
3056,0.003241,0.002802
3057,0.003241,0.002802
3058,0.003241,0.002802
3059,0.003242,0.002802
3060,0.003242,0.002802
3061,0.003242,0.002803
3062,0.003242,0.002803
3063,0.003243,0.002803
3064,0.003243,0.002803
3065,0.003243,0.002803
3066,0.003243,0.002803
3067,0.003244,0.002803
3068,0.003244,0.002804
3069,0.003244,0.002804
3070,0.003244,0.002804
3071,0.003245,0.002804
3072,0.003245,0.002804
3073,0.003245,0.002804
3074,0.003245,0.002804
3075,0.003246,0.002805
3076,0.003246,0.002805
3077,0.003246,0.002805
3078,0.003246,0.002805
3079,0.003247,0.002805
3080,0.003247,0.002805
3081,0.003247,0.002805
3082,0.003247,0.002806
3083,0.003248,0.002806
3084,0.003248,0.002806
3085,0.003248,0.002806
3086,0.003248,0.002806
3087,0.003249,0.002806
3088,0.003249,0.002806
3089,0.003249,0.002807
3090,0.003249,0.002807
3091,0.003250,0.002807
3092,0.003250,0.002807
3093,0.003250,0.002807
3094,0.003250,0.002807
3095,0.003251,0.002808
3096,0.003251,0.002808
3097,0.003251,0.002808
3098,0.003251,0.002808
3099,0.003252,0.002808
3100,0.003252,0.002808
3101,0.003252,0.002808
3102,0.003252,0.002809
3103,0.003253,0.002809
3104,0.003253,0.002809
3105,0.003253,0.002809
3106,0.003253,0.002809
3107,0.003254,0.002809
3108,0.003254,0.002809
3109,0.003254,0.002810
3110,0.003254,0.002810
3111,0.003255,0.002810
3112,0.003255,0.002810
3113,0.003255,0.002810
3114,0.003255,0.002810
3115,0.003256,0.002810
3116,0.003256,0.002811
3117,0.003256,0.002811
3118,0.003256,0.002811
3119,0.003257,0.002811
3120,0.003257,0.002811
3121,0.003257,0.002811
3122,0.003257,0.002811
3123,0.003258,0.002812
3124,0.003258,0.002812
3125,0.003258,0.002812
3126,0.003258,0.002812
3127,0.003259,0.002812
3128,0.003259,0.002812
3129,0.003259,0.002812
3130,0.003259,0.002813
3131,0.003260,0.002813
3132,0.003260,0.002813
3133,0.003260,0.002813
3134,0.003260,0.002813
3135,0.003261,0.002813
3136,0.003261,0.002813
3137,0.003261,0.002814
3138,0.003261,0.002814
3139,0.003262,0.002814
3140,0.003262,0.002814
3141,0.003262,0.002814
3142,0.003262,0.002814
3143,0.003262,0.002814
3144,0.003263,0.002815
3145,0.003263,0.002815
3146,0.003263,0.002815
3147,0.003263,0.002815
3148,0.003264,0.002815
3149,0.003264,0.002815
3150,0.003264,0.002815
3151,0.003264,0.002816
3152,0.003265,0.002816
3153,0.003265,0.002816
3154,0.003265,0.002816
3155,0.003265,0.002816
3156,0.003266,0.002816
3157,0.003266,0.002816
3158,0.003266,0.002817
3159,0.003266,0.002817
3160,0.003267,0.002817
3161,0.003267,0.002817
3162,0.003267,0.002817
3163,0.003267,0.002817
3164,0.003268,0.002817
3165,0.003268,0.002818
3166,0.003268,0.002818
3167,0.003268,0.002818
3168,0.003269,0.002818
3169,0.003269,0.002818
3170,0.003269,0.002818
3171,0.003269,0.002818
3172,0.003270,0.002819
3173,0.003270,0.002819
3174,0.003270,0.002819
3175,0.003270,0.002819
3176,0.003271,0.002819
3177,0.003271,0.002819
3178,0.003271,0.002819
3179,0.003271,0.002820
3180,0.003272,0.002820
3181,0.003272,0.002820
3182,0.003272,0.002820
3183,0.003272,0.002820
3184,0.003273,0.002820
3185,0.003273,0.002820
3186,0.003273,0.002821
3187,0.003273,0.002821
3188,0.003273,0.002821
3189,0.003274,0.002821
3190,0.003274,0.002821
3191,0.003274,0.002821
3192,0.003274,0.002821
3193,0.003275,0.002821
3194,0.003275,0.002822
3195,0.003275,0.002822
3196,0.003275,0.002822
3197,0.003276,0.002822
3198,0.003276,0.002822
3199,0.003276,0.002822
3200,0.003276,0.002822
3201,0.003277,0.002823
3202,0.003277,0.002823
3203,0.003277,0.002823
3204,0.003277,0.002823
3205,0.003278,0.002823
3206,0.003278,0.002823
3207,0.003278,0.002823
3208,0.003278,0.002824
3209,0.003279,0.002824
3210,0.003279,0.002824
3211,0.003279,0.002824
3212,0.003279,0.002824
3213,0.003280,0.002824
3214,0.003280,0.002824
3215,0.003280,0.002825
3216,0.003280,0.002825
3217,0.003281,0.002825
3218,0.003281,0.002825
3219,0.003281,0.002825
3220,0.003281,0.002825
3221,0.003282,0.002825
3222,0.003282,0.002826
3223,0.003282,0.002826
3224,0.003282,0.002826
3225,0.003282,0.002826
3226,0.003283,0.002826
3227,0.003283,0.002826
3228,0.003283,0.002826
3229,0.003283,0.002827
3230,0.003284,0.002827
3231,0.003284,0.002827
3232,0.003284,0.002827
3233,0.003284,0.002827
3234,0.003285,0.002827
3235,0.003285,0.002827
3236,0.003285,0.002828
3237,0.003285,0.002828
3238,0.003286,0.002828
3239,0.003286,0.002828
3240,0.003286,0.002828
3241,0.003286,0.002828
3242,0.003287,0.002828
3243,0.003287,0.002829
3244,0.003287,0.002829
3245,0.003287,0.002829
3246,0.003288,0.002829
3247,0.003288,0.002829
3248,0.003288,0.002829
3249,0.003288,0.002829
3250,0.003289,0.002830
3251,0.003289,0.002830
3252,0.003289,0.002830
3253,0.003289,0.002830
3254,0.003289,0.002830
3255,0.003290,0.002830
3256,0.003290,0.002830
3257,0.003290,0.002831
3258,0.003290,0.002831
3259,0.003291,0.002831
3260,0.003291,0.002831
3261,0.003291,0.002831
3262,0.003291,0.002831
3263,0.003292,0.002831
3264,0.003292,0.002831
3265,0.003292,0.002832
3266,0.003292,0.002832
3267,0.003293,0.002832
3268,0.003293,0.002832
3269,0.003293,0.002832
3270,0.003293,0.002832
3271,0.003294,0.002832
3272,0.003294,0.002833
3273,0.003294,0.002833
3274,0.003294,0.002833
3275,0.003295,0.002833
3276,0.003295,0.002833
3277,0.003295,0.002833
3278,0.003295,0.002833
3279,0.003295,0.002834
3280,0.003296,0.002834
3281,0.003296,0.002834
3282,0.003296,0.002834
3283,0.003296,0.002834
3284,0.003297,0.002834
3285,0.003297,0.002834
3286,0.003297,0.002835
3287,0.003297,0.002835
3288,0.003298,0.002835
3289,0.003298,0.002835
3290,0.003298,0.002835
3291,0.003298,0.002835
3292,0.003299,0.002835
3293,0.003299,0.002836
3294,0.003299,0.002836
3295,0.003299,0.002836
3296,0.003300,0.002836
3297,0.003300,0.002836
3298,0.003300,0.002836
3299,0.003300,0.002836
3300,0.003300,0.002837
3301,0.003301,0.002837
3302,0.003301,0.002837
3303,0.003301,0.002837
3304,0.003301,0.002837
3305,0.003302,0.002837
3306,0.003302,0.002837
3307,0.003302,0.002838
3308,0.003302,0.002838
3309,0.003303,0.002838
3310,0.003303,0.002838
3311,0.003303,0.002838
3312,0.003303,0.002838
3313,0.003304,0.002838
3314,0.003304,0.002838
3315,0.003304,0.002839
3316,0.003304,0.002839
3317,0.003305,0.002839
3318,0.003305,0.002839
3319,0.003305,0.002839
3320,0.003305,0.002839
3321,0.003305,0.002839
3322,0.003306,0.002840
3323,0.003306,0.002840
3324,0.003306,0.002840
3325,0.003306,0.002840
3326,0.003307,0.002840
3327,0.003307,0.002840
3328,0.003307,0.002840
3329,0.003307,0.002841
3330,0.003308,0.002841
3331,0.003308,0.002841
3332,0.003308,0.002841
3333,0.003308,0.002841
3334,0.003309,0.002841
3335,0.003309,0.002841
3336,0.003309,0.002842
3337,0.003309,0.002842
3338,0.003309,0.002842
3339,0.003310,0.002842
3340,0.003310,0.002842
3341,0.003310,0.002842
3342,0.003310,0.002842
3343,0.003311,0.002842
3344,0.003311,0.002843
3345,0.003311,0.002843
3346,0.003311,0.002843
3347,0.003312,0.002843
3348,0.003312,0.002843
3349,0.003312,0.002843
3350,0.003312,0.002843
3351,0.003313,0.002844
3352,0.003313,0.002844
3353,0.003313,0.002844
3354,0.003313,0.002844
3355,0.003314,0.002844
3356,0.003314,0.002844
3357,0.003314,0.002844
3358,0.003314,0.002845
3359,0.003314,0.002845
3360,0.003315,0.002845
3361,0.003315,0.002845
3362,0.003315,0.002845
3363,0.003315,0.002845
3364,0.003316,0.002845
3365,0.003316,0.002846
3366,0.003316,0.002846
3367,0.003316,0.002846
3368,0.003317,0.002846
3369,0.003317,0.002846
3370,0.003317,0.002846
3371,0.003317,0.002846
3372,0.003318,0.002846
3373,0.003318,0.002847
3374,0.003318,0.002847
3375,0.003318,0.002847
3376,0.003318,0.002847
3377,0.003319,0.002847
3378,0.003319,0.002847
3379,0.003319,0.002847
3380,0.003319,0.002848
3381,0.003320,0.002848
3382,0.003320,0.002848
3383,0.003320,0.002848
3384,0.003320,0.002848
3385,0.003321,0.002848
3386,0.003321,0.002848
3387,0.003321,0.002849
3388,0.003321,0.002849
3389,0.003321,0.002849
3390,0.003322,0.002849
3391,0.003322,0.002849
3392,0.003322,0.002849
3393,0.003322,0.002849
3394,0.003323,0.002850
3395,0.003323,0.002850
3396,0.003323,0.002850
3397,0.003323,0.002850
3398,0.003324,0.002850
3399,0.003324,0.002850
3400,0.003324,0.002850
3401,0.003324,0.002850
3402,0.003325,0.002851
3403,0.003325,0.002851
3404,0.003325,0.002851
3405,0.003325,0.002851
3406,0.003325,0.002851
3407,0.003326,0.002851
3408,0.003326,0.002851
3409,0.003326,0.002852
3410,0.003326,0.002852
3411,0.003327,0.002852
3412,0.003327,0.002852
3413,0.003327,0.002852
3414,0.003327,0.002852
3415,0.003328,0.002852
3416,0.003328,0.002853
3417,0.003328,0.002853
3418,0.003328,0.002853
3419,0.003328,0.002853
3420,0.003329,0.002853
3421,0.003329,0.002853
3422,0.003329,0.002853
3423,0.003329,0.002853
3424,0.003330,0.002854
3425,0.003330,0.002854
3426,0.003330,0.002854
3427,0.003330,0.002854
3428,0.003331,0.002854
3429,0.003331,0.002854
3430,0.003331,0.002854
3431,0.003331,0.002855
3432,0.003332,0.002855
3433,0.003332,0.002855
3434,0.003332,0.002855
3435,0.003332,0.002855
3436,0.003332,0.002855
3437,0.003333,0.002855
3438,0.003333,0.002856
3439,0.003333,0.002856
3440,0.003333,0.002856
3441,0.003334,0.002856
3442,0.003334,0.002856
3443,0.003334,0.002856
3444,0.003334,0.002856
3445,0.003335,0.002856
3446,0.003335,0.002857
3447,0.003335,0.002857
3448,0.003335,0.002857
3449,0.003335,0.002857
3450,0.003336,0.002857
3451,0.003336,0.002857
3452,0.003336,0.002857
3453,0.003336,0.002858
3454,0.003337,0.002858
3455,0.003337,0.002858
3456,0.003337,0.002858
3457,0.003337,0.002858
3458,0.003338,0.002858
3459,0.003338,0.002858
3460,0.003338,0.002859
3461,0.003338,0.002859
3462,0.003338,0.002859
3463,0.003339,0.002859
3464,0.003339,0.002859
3465,0.003339,0.002859
3466,0.003339,0.002859
3467,0.003340,0.002859
3468,0.003340,0.002860
3469,0.003340,0.002860
3470,0.003340,0.002860
3471,0.003341,0.002860
3472,0.003341,0.002860
3473,0.003341,0.002860
3474,0.003341,0.002860
3475,0.003341,0.002861
3476,0.003342,0.002861
3477,0.003342,0.002861
3478,0.003342,0.002861
3479,0.003342,0.002861
3480,0.003343,0.002861
3481,0.003343,0.002861
3482,0.003343,0.002862
3483,0.003343,0.002862
3484,0.003344,0.002862
3485,0.003344,0.002862
3486,0.003344,0.002862
3487,0.003344,0.002862
3488,0.003344,0.002862
3489,0.003345,0.002862
3490,0.003345,0.002863
3491,0.003345,0.002863
3492,0.003345,0.002863
3493,0.003346,0.002863
3494,0.003346,0.002863
3495,0.003346,0.002863
3496,0.003346,0.002863
3497,0.003347,0.002864
3498,0.003347,0.002864
3499,0.003347,0.002864
3500,0.003347,0.002864
3501,0.003347,0.002864
3502,0.003348,0.002864
3503,0.003348,0.002864
3504,0.003348,0.002864
3505,0.003348,0.002865
3506,0.003349,0.002865
3507,0.003349,0.002865
3508,0.003349,0.002865
3509,0.003349,0.002865
3510,0.003350,0.002865
3511,0.003350,0.002865
3512,0.003350,0.002866
3513,0.003350,0.002866
3514,0.003350,0.002866
3515,0.003351,0.002866
3516,0.003351,0.002866
3517,0.003351,0.002866
3518,0.003351,0.002866
3519,0.003352,0.002867
3520,0.003352,0.002867
3521,0.003352,0.002867
3522,0.003352,0.002867
3523,0.003352,0.002867
3524,0.003353,0.002867
3525,0.003353,0.002867
3526,0.003353,0.002867
3527,0.003353,0.002868
3528,0.003354,0.002868
3529,0.003354,0.002868
3530,0.003354,0.002868
3531,0.003354,0.002868
3532,0.003355,0.002868
3533,0.003355,0.002868
3534,0.003355,0.002869
3535,0.003355,0.002869
3536,0.003355,0.002869
3537,0.003356,0.002869
3538,0.003356,0.002869
3539,0.003356,0.002869
3540,0.003356,0.002869
3541,0.003357,0.002869
3542,0.003357,0.002870
3543,0.003357,0.002870
3544,0.003357,0.002870
3545,0.003357,0.002870
3546,0.003358,0.002870
3547,0.003358,0.002870
3548,0.003358,0.002870
3549,0.003358,0.002871
3550,0.003359,0.002871
3551,0.003359,0.002871
3552,0.003359,0.002871
3553,0.003359,0.002871
3554,0.003360,0.002871
3555,0.003360,0.002871
3556,0.003360,0.002871
3557,0.003360,0.002872
3558,0.003360,0.002872
3559,0.003361,0.002872
3560,0.003361,0.002872
3561,0.003361,0.002872
3562,0.003361,0.002872
3563,0.003362,0.002872
3564,0.003362,0.002873
3565,0.003362,0.002873
3566,0.003362,0.002873
3567,0.003362,0.002873
3568,0.003363,0.002873
3569,0.003363,0.002873
3570,0.003363,0.002873
3571,0.003363,0.002873
3572,0.003364,0.002874
3573,0.003364,0.002874
3574,0.003364,0.002874
3575,0.003364,0.002874
3576,0.003365,0.002874
3577,0.003365,0.002874
3578,0.003365,0.002874
3579,0.003365,0.002875
3580,0.003365,0.002875
3581,0.003366,0.002875
3582,0.003366,0.002875
3583,0.003366,0.002875
3584,0.003366,0.002875
3585,0.003367,0.002875
3586,0.003367,0.002875
3587,0.003367,0.002876
3588,0.003367,0.002876
3589,0.003367,0.002876
3590,0.003368,0.002876
3591,0.003368,0.002876
3592,0.003368,0.002876
3593,0.003368,0.002876
3594,0.003369,0.002877
3595,0.003369,0.002877
3596,0.003369,0.002877
3597,0.003369,0.002877
3598,0.003369,0.002877
3599,0.003370,0.002877
3600,0.003370,0.002877
3601,0.003370,0.002877
3602,0.003370,0.002878
3603,0.003371,0.002878
3604,0.003371,0.002878
3605,0.003371,0.002878
3606,0.003371,0.002878
3607,0.003371,0.002878
3608,0.003372,0.002878
3609,0.003372,0.002879
3610,0.003372,0.002879
3611,0.003372,0.002879
3612,0.003373,0.002879
3613,0.003373,0.002879
3614,0.003373,0.002879
3615,0.003373,0.002879
3616,0.003374,0.002879
3617,0.003374,0.002880
3618,0.003374,0.002880
3619,0.003374,0.002880
3620,0.003374,0.002880
3621,0.003375,0.002880
3622,0.003375,0.002880
3623,0.003375,0.002880
3624,0.003375,0.002881
3625,0.003376,0.002881
3626,0.003376,0.002881
3627,0.003376,0.002881
3628,0.003376,0.002881
3629,0.003376,0.002881
3630,0.003377,0.002881
3631,0.003377,0.002881
3632,0.003377,0.002882
3633,0.003377,0.002882
3634,0.003378,0.002882
3635,0.003378,0.002882
3636,0.003378,0.002882
3637,0.003378,0.002882
3638,0.003378,0.002882
3639,0.003379,0.002883
3640,0.003379,0.002883
3641,0.003379,0.002883
3642,0.003379,0.002883
3643,0.003380,0.002883
3644,0.003380,0.002883
3645,0.003380,0.002883
3646,0.003380,0.002883
3647,0.003380,0.002884
3648,0.003381,0.002884
3649,0.003381,0.002884
3650,0.003381,0.002884
3651,0.003381,0.002884
3652,0.003382,0.002884
3653,0.003382,0.002884
3654,0.003382,0.002884
3655,0.003382,0.002885
3656,0.003382,0.002885
3657,0.003383,0.002885
3658,0.003383,0.002885
3659,0.003383,0.002885
3660,0.003383,0.002885
3661,0.003384,0.002885
3662,0.003384,0.002886
3663,0.003384,0.002886
3664,0.003384,0.002886
3665,0.003384,0.002886
3666,0.003385,0.002886
3667,0.003385,0.002886
3668,0.003385,0.002886
3669,0.003385,0.002886
3670,0.003386,0.002887
3671,0.003386,0.002887
3672,0.003386,0.002887
3673,0.003386,0.002887
3674,0.003386,0.002887
3675,0.003387,0.002887
3676,0.003387,0.002887
3677,0.003387,0.002888
3678,0.003387,0.002888
3679,0.003388,0.002888
3680,0.003388,0.002888
3681,0.003388,0.002888
3682,0.003388,0.002888
3683,0.003388,0.002888
3684,0.003389,0.002888
3685,0.003389,0.002889
3686,0.003389,0.002889
3687,0.003389,0.002889
3688,0.003390,0.002889
3689,0.003390,0.002889
3690,0.003390,0.002889
3691,0.003390,0.002889
3692,0.003390,0.002889
3693,0.003391,0.002890
3694,0.003391,0.002890
3695,0.003391,0.002890
3696,0.003391,0.002890
3697,0.003392,0.002890
3698,0.003392,0.002890
3699,0.003392,0.002890
3700,0.003392,0.002891
3701,0.003392,0.002891
3702,0.003393,0.002891
3703,0.003393,0.002891
3704,0.003393,0.002891
3705,0.003393,0.002891
3706,0.003394,0.002891
3707,0.003394,0.002891
3708,0.003394,0.002892
3709,0.003394,0.002892
3710,0.003394,0.002892
3711,0.003395,0.002892
3712,0.003395,0.002892
3713,0.003395,0.002892
3714,0.003395,0.002892
3715,0.003396,0.002892
3716,0.003396,0.002893
3717,0.003396,0.002893
3718,0.003396,0.002893
3719,0.003396,0.002893
3720,0.003397,0.002893
3721,0.003397,0.002893
3722,0.003397,0.002893
3723,0.003397,0.002894
3724,0.003398,0.002894
3725,0.003398,0.002894
3726,0.003398,0.002894
3727,0.003398,0.002894
3728,0.003398,0.002894
3729,0.003399,0.002894
3730,0.003399,0.002894
3731,0.003399,0.002895
3732,0.003399,0.002895
3733,0.003399,0.002895
3734,0.003400,0.002895
3735,0.003400,0.002895
3736,0.003400,0.002895
3737,0.003400,0.002895
3738,0.003401,0.002895
3739,0.003401,0.002896
3740,0.003401,0.002896
3741,0.003401,0.002896
3742,0.003401,0.002896
3743,0.003402,0.002896
3744,0.003402,0.002896
3745,0.003402,0.002896
3746,0.003402,0.002897
3747,0.003403,0.002897
3748,0.003403,0.002897
3749,0.003403,0.002897
3750,0.003403,0.002897
3751,0.003403,0.002897
3752,0.003404,0.002897
3753,0.003404,0.002897
3754,0.003404,0.002898
3755,0.003404,0.002898
3756,0.003405,0.002898
3757,0.003405,0.002898
3758,0.003405,0.002898
3759,0.003405,0.002898
3760,0.003405,0.002898
3761,0.003406,0.002898
3762,0.003406,0.002899
3763,0.003406,0.002899
3764,0.003406,0.002899
3765,0.003406,0.002899
3766,0.003407,0.002899
3767,0.003407,0.002899
3768,0.003407,0.002899
3769,0.003407,0.002900
3770,0.003408,0.002900
3771,0.003408,0.002900
3772,0.003408,0.002900
3773,0.003408,0.002900
3774,0.003408,0.002900
3775,0.003409,0.002900
3776,0.003409,0.002900
3777,0.003409,0.002901
3778,0.003409,0.002901
3779,0.003410,0.002901
3780,0.003410,0.002901
3781,0.003410,0.002901
3782,0.003410,0.002901
3783,0.003410,0.002901
3784,0.003411,0.002901
3785,0.003411,0.002902
3786,0.003411,0.002902
3787,0.003411,0.002902
3788,0.003411,0.002902
3789,0.003412,0.002902
3790,0.003412,0.002902
3791,0.003412,0.002902
3792,0.003412,0.002903
3793,0.003413,0.002903
3794,0.003413,0.002903
3795,0.003413,0.002903
3796,0.003413,0.002903
3797,0.003413,0.002903
3798,0.003414,0.002903
3799,0.003414,0.002903
3800,0.003414,0.002904
3801,0.003414,0.002904
3802,0.003415,0.002904
3803,0.003415,0.002904
3804,0.003415,0.002904
3805,0.003415,0.002904
3806,0.003415,0.002904
3807,0.003416,0.002904
3808,0.003416,0.002905
3809,0.003416,0.002905
3810,0.003416,0.002905
3811,0.003416,0.002905
3812,0.003417,0.002905
3813,0.003417,0.002905
3814,0.003417,0.002905
3815,0.003417,0.002905
3816,0.003418,0.002906
3817,0.003418,0.002906
3818,0.003418,0.002906
3819,0.003418,0.002906
3820,0.003418,0.002906
3821,0.003419,0.002906
3822,0.003419,0.002906
3823,0.003419,0.002906
3824,0.003419,0.002907
3825,0.003420,0.002907
3826,0.003420,0.002907
3827,0.003420,0.002907
3828,0.003420,0.002907
3829,0.003420,0.002907
3830,0.003421,0.002907
3831,0.003421,0.002908
3832,0.003421,0.002908
3833,0.003421,0.002908
3834,0.003421,0.002908
3835,0.003422,0.002908
3836,0.003422,0.002908
3837,0.003422,0.002908
3838,0.003422,0.002908
3839,0.003423,0.002909
3840,0.003423,0.002909
3841,0.003423,0.002909
3842,0.003423,0.002909
3843,0.003423,0.002909
3844,0.003424,0.002909
3845,0.003424,0.002909
3846,0.003424,0.002909
3847,0.003424,0.002910
3848,0.003424,0.002910
3849,0.003425,0.002910
3850,0.003425,0.002910
3851,0.003425,0.002910
3852,0.003425,0.002910
3853,0.003426,0.002910
3854,0.003426,0.002910
3855,0.003426,0.002911
3856,0.003426,0.002911
3857,0.003426,0.002911
3858,0.003427,0.002911
3859,0.003427,0.002911
3860,0.003427,0.002911
3861,0.003427,0.002911
3862,0.003427,0.002911
3863,0.003428,0.002912
3864,0.003428,0.002912
3865,0.003428,0.002912
3866,0.003428,0.002912
3867,0.003429,0.002912
3868,0.003429,0.002912
3869,0.003429,0.002912
3870,0.003429,0.002913
3871,0.003429,0.002913
3872,0.003430,0.002913
3873,0.003430,0.002913
3874,0.003430,0.002913
3875,0.003430,0.002913
3876,0.003430,0.002913
3877,0.003431,0.002913
3878,0.003431,0.002914
3879,0.003431,0.002914
3880,0.003431,0.002914
3881,0.003432,0.002914
3882,0.003432,0.002914
3883,0.003432,0.002914
3884,0.003432,0.002914
3885,0.003432,0.002914
3886,0.003433,0.002915
3887,0.003433,0.002915
3888,0.003433,0.002915
3889,0.003433,0.002915
3890,0.003433,0.002915
3891,0.003434,0.002915
3892,0.003434,0.002915
3893,0.003434,0.002915
3894,0.003434,0.002916
3895,0.003435,0.002916
3896,0.003435,0.002916
3897,0.003435,0.002916
3898,0.003435,0.002916
3899,0.003435,0.002916
3900,0.003436,0.002916
3901,0.003436,0.002916
3902,0.003436,0.002917
3903,0.003436,0.002917
3904,0.003436,0.002917
3905,0.003437,0.002917
3906,0.003437,0.002917
3907,0.003437,0.002917
3908,0.003437,0.002917
3909,0.003438,0.002917
3910,0.003438,0.002918
3911,0.003438,0.002918
3912,0.003438,0.002918
3913,0.003438,0.002918
3914,0.003439,0.002918
3915,0.003439,0.002918
3916,0.003439,0.002918
3917,0.003439,0.002919
3918,0.003439,0.002919
3919,0.003440,0.002919
3920,0.003440,0.002919
3921,0.003440,0.002919
3922,0.003440,0.002919
3923,0.003440,0.002919
3924,0.003441,0.002919
3925,0.003441,0.002920
3926,0.003441,0.002920
3927,0.003441,0.002920
3928,0.003442,0.002920
3929,0.003442,0.002920
3930,0.003442,0.002920
3931,0.003442,0.002920
3932,0.003442,0.002920
3933,0.003443,0.002921
3934,0.003443,0.002921
3935,0.003443,0.002921
3936,0.003443,0.002921
3937,0.003443,0.002921
3938,0.003444,0.002921
3939,0.003444,0.002921
3940,0.003444,0.002921
3941,0.003444,0.002922
3942,0.003445,0.002922
3943,0.003445,0.002922
3944,0.003445,0.002922
3945,0.003445,0.002922
3946,0.003445,0.002922
3947,0.003446,0.002922
3948,0.003446,0.002922
3949,0.003446,0.002923
3950,0.003446,0.002923
3951,0.003446,0.002923
3952,0.003447,0.002923
3953,0.003447,0.002923
3954,0.003447,0.002923
3955,0.003447,0.002923
3956,0.003447,0.002923
3957,0.003448,0.002924
3958,0.003448,0.002924
3959,0.003448,0.002924
3960,0.003448,0.002924
3961,0.003449,0.002924
3962,0.003449,0.002924
3963,0.003449,0.002924
3964,0.003449,0.002924
3965,0.003449,0.002925
3966,0.003450,0.002925
3967,0.003450,0.002925
3968,0.003450,0.002925
3969,0.003450,0.002925
3970,0.003450,0.002925
3971,0.003451,0.002925
3972,0.003451,0.002925
3973,0.003451,0.002926
3974,0.003451,0.002926
3975,0.003451,0.002926
3976,0.003452,0.002926
3977,0.003452,0.002926
3978,0.003452,0.002926
3979,0.003452,0.002926
3980,0.003453,0.002926
3981,0.003453,0.002927
3982,0.003453,0.002927
3983,0.003453,0.002927
3984,0.003453,0.002927
3985,0.003454,0.002927
3986,0.003454,0.002927
3987,0.003454,0.002927
3988,0.003454,0.002927
3989,0.003454,0.002928
3990,0.003455,0.002928
3991,0.003455,0.002928
3992,0.003455,0.002928
3993,0.003455,0.002928
3994,0.003455,0.002928
3995,0.003456,0.002928
3996,0.003456,0.002928
3997,0.003456,0.002929
3998,0.003456,0.002929
3999,0.003456,0.002929
4000,0.003457,0.002929
